ID de actividad,Fecha de la actividad,Nombre de la actividad,Tipo de actividad,Descripción de la actividad,Tiempo transcurrido,Distancia,Ritmo cardiaco máximo,Esfuerzo Relativo,Desplazamiento,Nota privada de actividad,Equipamiento de la actividad,Nombre del archivo,Peso del deportista,Peso de la bicicleta,Tiempo transcurrido,Tiempo en movimiento,Distancia,Velocidad máxima,Velocidad promedio,Desnivel positivo,Desnivel negativo,Desnivel bajo,Desnivel alto,Pendiente máxima,Pendiente promedio,Pendiente positiva promedio,Pendiente negativa promedio,Cadencia máx.,Cadencia promedio,Ritmo cardiaco máximo,Ritmo cardiaco promedio,Vatios máx.,Vatios promedio,Calorías,Temperatura máx.,Temperatura promedio,Esfuerzo Relativo,Trabajo total,Número de carreras,Tiempo en ascenso,Tiempo en descenso,Otro tiempo,Esfuerzo Percibido,Tipo,Hora de inicio,Potencia promedio ponderada,Recuento de potencia,Usar Esfuerzo Percibido,Esfuerzo Relativo percibido,Desplazamiento,Peso total levantado,Desde la carga,Distancia ajustada en pendientes,Hora de observación meteorológica,Condición meteorológica,Temperatura meteorológica,Temperatura aparente,Punto de rocío,Humedad,Presión meteorológica,Velocidad del viento,Ráfaga de viento,Dirección del viento,Intensidad de precipitación,Hora del amanecer,Hora del atardecer,Fase lunar,Bicicleta,Equipamiento,Probabilidad de precipitación,Tipo de precipitación,Nubosidad,Visibilidad meteorológica,Índice UV,Ozono meteorológico,Recuento de saltos,Grit total,Flow promedio,Denunciado,Velocidad promedio durante el tiempo transcurrido,Distancia en tierra,Distancia recientemente explorada,Distancia en rampas de tierra recientemente explorada,Recuento de actividades,Total de pasos,Ahorro en carbono,Largo de la piscina,Carga de entrenamiento,Intensidad,Ritmo ajustado en pendientes promedio,Tiempo cronometrado,Ciclos en total,Recuperación,Con mascota,Competición,Carrera de larga distancia,Por una causa,Multimedia
11098206131,3 abr. 2024 14:18:21,Carrera de tarde,Carrera,,2064,"6,00",,,false,2 semanas casi sin salir y estando mala ,,activities/11098206131.gpx,,,2064.0,1985.0,6001.1,4.692,3.023,30.1,20.6,645.2,669.1,40.5,0.1,,,,,,,,,,,,,,,,,,,,,,,,,0.0,,1.0,6050.4,,,,,,,,,,,,,,,,,,,,,,,,,,0.0,2.908,4860.1,,,,5018.0,,,,,,,,,,,,,""
11127862006,6 abr. 2024 11:18:49,Carrera de tarde,Carrera,,97994,"4,01",,,false,Me costó bastante ,,activities/11127862006.gpx,,,97994.0,1308.0,4011.9,4.368,3.067,25.3,17.5,653.8,667.5,10.9,0.2,,,,,,,,,,,,,,,,,,,,,,,,,0.0,,1.0,4055.1,,,,,,,,,,,,,,,,,,,,,,,,,,0.0,0.041,2828.1,,,,3246.0,,,,,3.1,,,,,,,,""
11149913393,10 abr. 2024 14:11:35,Carrera de tarde,Carrera,,2133,"6,06",,,false,Bien tranquila aunque he parado alguna vez Segundos ,,activities/11149913393.gpx,,,2133.0,1955.0,6065.1,4.588,3.102,29.9,20.6,645.2,669.0,35.5,0.2,,,,,,,,,,,,,,,,,,,,,,,,,0.0,,1.0,6125.5,,,,,,,,,,,,,,,,,,,,,,,,,,0.0,2.843,4853.6,,,,4968.0,,,,,3.133,,,,,,,,""
11197276353,16 abr. 2024 18:19:48,Carrera de noche,Carrera,,1342,"4,02",,,false,Después de la feria me dolían un poco los tobillos y los gemelos pero bien tranquilita,,activities/11197276353.gpx,,,1342.0,1293.0,4023.4,5.234,3.112,26.6,26.6,653.9,669.1,31.3,0.2,,,,,,,,,,,,,,,,,,,,,,,,,0.0,,1.0,4066.9,,,,,,,,,,,,,,,,,,,,,,,,,,0.0,2.998,2970.6,,,,3276.0,,,,,3.145,,,,,,,,""
11248002456,23 abr. 2024 17:33:20,Carrera de noche,Carrera,,1378,"4,19",,,false,Muy buenas sensaciones pero poco tiempo ,,activities/11248002456.gpx,,,1378.0,1312.0,4192.2,4.79,3.195,27.5,27.5,653.9,669.3,44.2,0.2,,,,,,,,,,,,,,,,,,,,,,,,,0.0,,1.0,4257.3,1713891584.0,1.0,20.2,18.6,-0.5,0.25,1013.6,3.5,10.1,321.0,0.0,1713850112.0,1713898624.0,0.375,,,0.0,1.0,0.01,27263.0,1.0,,,,,0.0,3.042,3061.0,,,,3372.0,,,,,3.245,,,,,,,,""
11309982658,1 may. 2024 18:11:43,Carrera de noche,Carrera,Mucho frío y viento. Cansadilla,1347,"4,00",,,false,,,activities/11309982658.gpx,,,1347.0,1235.0,4008.7,4.692,3.246,25.2,25.2,654.1,669.0,46.2,0.2,,,,,,,,,,,,,,,,,,,,,,,,,0.0,,1.0,4068.4,1714586368.0,3.0,11.4,10.4,2.7,0.55,1015.0,4.1,10.0,293.0,0.0,1714540800.0,1714590208.0,0.625,,,0.77,5.0,0.66,18081.0,0.0,,,,,0.0,2.976,2969.2,,,,3216.0,,,,,3.294,,,,,,,,""
11347880769,6 may. 2024 19:11:06,Carrera nocturna,Carrera,Bien pero con flato y de noche,1636,"5,00",,,false,,,activities/11347880769.gpx,,,1636.0,1610.0,5002.6,4.409,3.107,25.6,25.6,653.9,664.8,47.9,0.1,,,,,,,,,,,,,,,,,,,,,,,,,0.0,,1.0,5047.1,1715021952.0,1.0,18.9,17.9,6.3,0.44,1014.3,2.3,5.7,344.0,0.0,1714972416.0,1715022464.0,0.875,,,0.03,5.0,0.05,25410.0,0.0,,,,,0.0,3.058,3695.0,,,,4100.0,,,,,3.135,,,,,,,,""
11391421294,12 may. 2024 9:18:56,Carrera a la hora del almuerzo,Carrera,Bien he notado la presión de la playa,1560,"5,05",,,false,,,activities/11391421294.gpx,,,1560.0,1501.0,5056.7,4.912,3.369,0.0,0.0,0.5,2.5,4.2,0.0,,,,,,,,,,,,,,,,,,,,,,,,,0.0,,1.0,5059.8,1715504384.0,3.0,19.6,19.2,11.3,0.58,1017.1,2.0,4.6,228.0,0.0,1715490560.0,1715541120.0,0.125,,,0.0,1.0,0.66,23441.0,3.0,,,,,0.0,3.241,1391.9,,,,3878.0,,,,,3.371,,,,,,,,""
11419089098,15 may. 2024 18:35:57,Carrera nocturna,Carrera,Tranquila sin sufrir nada de nada así que muy bien,1912,"6,01",,,false,,,activities/11419089098.gpx,,,1912.0,1849.0,6013.9,4.584,3.252,30.3,30.3,647.5,668.4,41.2,0.1,,,,,,,,,,,,,,,,,,,,,,,,,0.0,,1.0,6072.8,1715795968.0,1.0,18.5,17.2,2.5,0.34,1008.8,4.1,9.0,318.0,0.0,1715749504.0,1715800576.0,0.125,,,0.0,1.0,0.02,24815.0,0.0,,,,,0.0,3.145,4655.2,,,,4668.0,,,,,3.284,,,,,,,,""
11458291687,20 may. 2024 19:31:23,Carrera nocturna,Carrera,,1606,"5,02",,,false,Tranquila y muy bien solo que de noche ,,activities/11458291687.gpx,,,1606.0,1586.0,5019.3,5.746,3.165,29.7,29.7,653.9,670.1,26.9,0.2,,,,,,,,,,,,,,,,,,,,,,,,,0.0,,1.0,5081.0,1716231552.0,1.0,16.7,15.5,2.6,0.39,1013.5,2.6,7.6,288.0,0.0,1716181376.0,1716232832.0,0.375,,,0.0,1.0,0.04,25190.0,0.0,,,,,0.0,3.125,3286.4,,,,4046.0,,,,,3.204,,,,,,,,""
11481520506,23 may. 2024 19:03:16,Carrera nocturna,Carrera,,2373,"7,37",,,false,Tranquila y muy muy bien de sensaciones ,,activities/11481520506.gpx,,,2373.0,2308.0,7375.1,4.814,3.195,35.2,35.2,640.5,669.1,38.5,0.1,,,,,,,,,,,,,,,,,,,,,,,,,0.0,,1.0,7430.8,,,,,,,,,,,,,,,,,,,,,,,,,,0.0,3.108,5986.4,,,,5740.0,,,,,3.22,,,,,,,,""
11550886302,1 jun. 2024 17:50:27,Carrera nocturna,Carrera,,13052,"5,27",,,false,,,activities/11550886302.gpx,,,13052.0,1628.0,5275.1,7.89,3.24,21.2,21.2,647.1,662.5,9.6,0.0,,,,,,,,,,,,,,,,,,,,,,,,,0.0,,1.0,5294.2,,,,,,,,,,,,,,,,,,,,,,,,,,0.0,0.404,4093.4,,,,4170.0,,,,,3.252,,,,,,,,""
11566135151,3 jun. 2024 19:20:34,Carrera nocturna,Carrera,,2090,"7,00",,,false,Muy buenas sensaciones me he picado con dos poliS,,activities/11566135151.gpx,,,2090.0,2050.0,7007.3,5.024,3.418,24.7,24.7,641.1,662.5,6.3,0.0,,,,,,,,,,,,,,,,,,,,,,,,,0.0,,1.0,7026.3,,,,,,,,,,,,,,,,,,,,,,,,,,0.0,3.353,5833.8,,,,5236.0,,,,,3.427,,,,,,,,""
11582773240,5 jun. 2024 19:06:28,Carrera nocturna,Carrera,,1773,"6,00",,,false,Estaba cansada y cargada con un poquito de agujetas del gym pero buen ritmo ,,activities/11582773240.gpx,,,1773.0,1762.0,6007.8,4.864,3.41,20.5,20.5,645.2,662.5,12.1,0.0,,,,,,,,,,,,,,,,,,,,,,,,,0.0,,1.0,6028.7,,,,,,,,,,,,,,,,,,,,,,,,,,0.0,3.389,4957.0,,,,4526.0,,,,,3.422,,,,,,,,""
11641422640,13 jun. 2024 8:57:26,Carrera a la hora del almuerzo,Carrera,,1802,"6,00",,,false,Mucha calor no son horas pero bien y tranquila sin forzar ,,activities/11641422640.gpx,,,1802.0,1780.0,6001.3,4.972,3.372,6.3,6.3,0.5,4.7,9.7,0.0,,,,,,,,,,,,,,,,,,,,,,,,,0.0,,1.0,6009.0,,,,,,,,,,,,,,,,,,,,,,,,,,0.0,3.33,1840.1,,,,4524.0,,,,,3.376,,,,,,,,""
11687443554,19 jun. 2024 8:26:00,Carrera de mañana,Carrera,"",1835,"6,03",,,false,Tranquila y con muchisisidimo viento ,,activities/11687443554.gpx,,,1835.0,1809.0,6037.5,4.69,3.337,2.3,2.3,0.5,2.8,3.6,0.0,,,,,,,,,,,,,,,,,,,,,,,0.0,,0.0,,1.0,6042.0,,,,,,,,,,,,,,,,,,,,,,,,,,0.0,3.29,2859.4,,,,4678.0,,,,,3.34,,,,,,,,""
11695552825,20 jun. 2024 8:29:16,Carrera de mañana,Carrera,,1495,"5,01",,,false,A tontada de dormida ,,activities/11695552825.gpx,,,1495.0,1476.0,5014.1,4.5,3.397,0.0,0.0,0.5,2.5,3.7,0.0,,,,,,,,,,,,,,,,,,,,,,,,,0.0,,1.0,5017.3,,,,,,,,,,,,,,,,,,,,,,,,,,0.0,3.354,1803.6,,,,3920.0,,,,,3.399,,,,,,,,""
11758018313,28 jun. 2024 8:28:55,Carrera a la hora del almuerzo,Carrera,,1846,"6,00",,,false,Bien sin música u tranquila en la playa ,,activities/11758018313.gpx,,,1846.0,1777.0,6002.4,4.766,3.378,0.0,0.0,0.7,2.4,3.3,0.0,,,,,,,,,,,,,,,,,,,,,,,,,0.0,,1.0,6005.2,,,,,,,,,,,,,,,,,,,,,,,,,,0.0,3.252,2713.7,,,,4630.0,,,,,3.379,,,,,,,,""
11765015332,29 jun. 2024 8:09:57,Carrera de mañana,Carrera,,1783,"6,00",,,false,Bien pero calor muchísimo viento y pesada del desayuno creo ,,activities/11765015332.gpx,,,1783.0,1721.0,6000.9,5.1,3.487,2.2,2.2,0.7,2.9,4.0,0.0,,,,,,,,,,,,,,,,,,,,,,,,,0.0,,1.0,6004.5,,,,,,,,,,,,,,,,,,,,,,,,,,0.0,3.366,1980.8,,,,4532.0,,,,,3.489,,,,,,,,""
11788115166,2 jul. 2024 8:03:05,Carrera de mañana,Carrera,,1706,"6,00",,,false,Muy buen ritmo pero mucha calor ya ,,activities/11788115166.gpx,,,1706.0,1640.0,6007.2,14.592,3.663,0.0,0.0,0.7,8.6,19.1,-0.1,,,,,,,,,,,,,,,,,,,,,,,,,0.0,,1.0,6006.9,,,,,,,,,,,,,,,,,,,,,,,,,,0.0,3.521,1438.1,,,,4254.0,,,,,3.663,,,,,,,,""
11801551831,3 jul. 2024 18:55:56,Carrera nocturna,Carrera,,4471,"7,01",,,false,Muy bien ,,activities/11801551831.gpx,,,4471.0,2009.0,7012.7,5.058,3.491,5.6,5.6,0.7,6.4,9.9,0.0,,,,,,,,,,,,,,,,,,,,,,,,,0.0,,1.0,7026.5,,,,,,,,,,,,,,,,,,,,,,,,,,0.0,1.568,1865.5,,,,5254.0,,,,,3.498,,,,,,,,""
11809066183,4 jul. 2024 18:05:10,Carrera de noche,Carrera,,1195,"4,03",,,false,Sin tiempo pero bien ,,activities/11809066183.gpx,,,1195.0,1166.0,4036.4,4.862,3.462,6.3,6.3,1.2,8.2,19.1,0.0,,,,,,,,,,,,,,,,,,,,,,,,,0.0,,1.0,4066.4,,,,,,,,,,,,,,,,,,,,,,,,,,0.0,3.378,1155.2,,,,3020.0,,,,,3.487,,,,,,,,""
11819161234,5 jul. 2024 5:16:20,Carrera de mañana,Carrera,,93353,"6,00",,,false,Pco tiempo pero bien ,,activities/11819161234.gpx,,,93353.0,1747.0,6005.9,6.077,3.438,4.9,4.9,0.7,5.8,7.8,0.0,,,,,,,,,,,,,,,,,,,,,,,,,0.0,,1.0,6012.8,,,,,,,,,,,,,,,,,,,,,,,,,,0.0,0.064,1028.0,,,,4518.0,,,,,3.442,,,,,,,,""
11840680848,8 jul. 2024 19:29:06,Carrera nocturna,Carrera,,2023,"7,00",,,false,Bien y tranquila después de trabajar todo el día ,,activities/11840680848.gpx,,,2023.0,2009.0,7003.4,5.138,3.486,8.6,8.6,0.7,8.2,9.6,0.0,,,,,,,,,,,,,,,,,,,,,,,,,0.0,,1.0,7016.8,,,,,,,,,,,,,,,,,,,,,,,,,,0.0,3.462,1280.0,,,,5128.0,,,,,3.493,,,,,,,,""
11843102342,9 jul. 2024 5:18:46,Carrera de mañana,Carrera,,1448,"5,00",,,false,Muy poco tiempo y recién levantada pero rápida ,,activities/11843102342.gpx,,,1448.0,1430.0,5003.1,7.81,3.499,4.9,4.9,0.7,5.8,6.1,0.0,,,,,,,,,,,,,,,,,,,,,,,,,0.0,,1.0,5010.1,,,,,,,,,,,,,,,,,,,,,,,,,,0.0,3.455,1844.9,,,,3710.0,,,,,3.504,,,,,,,,""
11851510104,10 jul. 2024 5:27:09,Carrera de mañana,Carrera,,1727,"6,06",,,false,Fácil y buen ritmo por la mañana con poco tiempo,,activities/11851510104.gpx,,,1727.0,1706.0,6068.6,5.05,3.557,4.9,4.9,0.7,5.8,7.5,0.0,,,,,,,,,,,,,,,,,,,,,,,,,0.0,,1.0,6076.9,,,,,,,,,,,,,,,,,,,,,,,,,,0.0,3.514,1007.5,,,,4484.0,,,,,3.562,,,,,,,,""
11859668485,11 jul. 2024 5:20:26,Carrera de mañana,Carrera,,1722,"6,00",,,false,Bien ,,activities/11859668485.gpx,,,1722.0,1692.0,6007.1,7.91,3.55,4.8,4.8,0.7,5.8,7.9,0.0,,,,,,,,,,,,,,,,,,,,,,,,,0.0,,1.0,6016.6,,,,,,,,,,,,,,,,,,,,,,,,,,0.0,3.488,1085.6,,,,4492.0,,,,,3.556,,,,,,,,""
11897184213,15 jul. 2024 5:39:00,Carrera nocturna,Carrera,"",58836,"4,25",,,false,,,activities/11897184213.gpx,,,58836.0,1244.0,4253.9,7.27,3.42,4.9,6.3,0.9,6.4,9.3,0.0,,,,,,,,,,,,,,,,,,,,,,,0.0,,0.0,,1.0,4270.1,,,,,,,,,,,,,,,,,,,,,,,,,,0.0,0.072,828.9,,,,3170.0,,,,,3.433,,,,,,,,""
11904810722,16 jul. 2024 18:45:59,Carrera nocturna,Carrera,,2048,"7,00",,,false,Me ha costado pero bien,,activities/11904810722.gpx,,,2048.0,1952.0,7008.8,5.382,3.591,2.7,2.7,0.7,3.5,6.6,0.0,,,,,,,,,,,,,,,,,,,,,,,,,0.0,,1.0,7018.8,,,,,,,,,,,,,,,,,,,,,,,,,,0.0,3.422,1975.8,,,,5058.0,,,,,3.596,,,,,,,,""
11916256772,17 jul. 2024 19:10:02,Carrera de mañana,Carrera,,37554,"6,00",,,false,,,activities/11916256772.gpx,,,37554.0,1684.0,6003.6,4.97,3.565,7.1,7.1,0.7,8.0,7.2,0.1,,,,,,,,,,,,,,,,,,,,,,,,,0.0,,1.0,6014.0,,,,,,,,,,,,,,,,,,,,,,,,,,0.0,0.16,690.2,,,,4348.0,,,,,3.571,,,,,,,,""
11916324344,18 jul. 2024 5:36:15,Carrera de mañana,Carrera,,823,"2,67",,,false,,,activities/11916324344.gpx,,,823.0,777.0,2674.5,5.072,3.442,3.6,3.6,2.0,7.2,6.0,0.0,,,,,,,,,,,,,,,,,,,,,,,,,0.0,,1.0,2676.3,,,,,,,,,,,,,,,,,,,,,,,,,,0.0,3.25,0.0,,,,2026.0,,,,,3.444,,,,,,,,""
11972466471,24 jul. 2024 19:20:47,Carrera nocturna,Carrera,,3452,"7,00",,,false,,,activities/11972466471.gpx,,,3452.0,1992.0,7002.8,5.38,3.515,9.9,9.9,0.7,8.2,8.3,0.1,,,,,,,,,,,,,,,,,,,,,,,,,0.0,,1.0,7020.0,,,,,,,,,,,,,,,,,,,,,,,,,,0.0,2.029,1304.7,,,,5150.0,,,,,3.524,,,,,,,,""
12012891010,25 jul. 2024 5:42:19,Carrera nocturna,Carrera,,395533,"4,00",,,false,,,activities/12012891010.gpx,,,395533.0,1149.0,4007.2,5.028,3.488,5.8,5.8,0.7,6.8,9.0,0.0,,,,,,,,,,,,,,,,,,,,,,,,,0.0,,1.0,4016.5,,,,,,,,,,,,,,,,,,,,,,,,,,0.0,0.01,2011.4,,,,2996.0,,,,,3.496,,,,,,,,""
12021611346,29 jul. 2024 19:35:14,Carrera nocturna,Carrera,,86442,"6,30",,,false,,,activities/12021611346.gpx,,,86442.0,1863.0,6305.0,5.86,3.384,7.3,7.3,0.7,5.7,8.5,0.1,,,,,,,,,,,,,,,,,,,,,,,,,0.0,,1.0,6317.2,,,,,,,,,,,,,,,,,,,,,,,,,,0.0,0.073,1379.8,,,,4724.0,,,,,3.391,,,,,,,,""
12021894448,30 jul. 2024 19:36:06,Carrera nocturna,Carrera,"Muy tranquila sin forzar y
Muy cómoda (muuucha calooor y humedad)",2262,"6,65",,,false,,,activities/12021894448.gpx,,,2262.0,1943.0,6653.7,5.712,3.424,9.2,9.2,0.7,7.5,13.1,0.1,,,,,,,,,,,,,,,,,,,,,,,,,0.0,,1.0,6669.4,,,,,,,,,,,,,,,,,,,,,,,,,,0.0,2.942,1298.9,,,,4904.0,,,,,3.433,,,,,,,,""
12033399437,31 jul. 2024 19:29:07,Carrera nocturna,Carrera,Muy bien tranquila,2273,"7,00",,,false,,,activities/12033399437.gpx,,,2273.0,2050.0,7006.4,5.136,3.418,9.5,9.5,0.7,8.0,8.9,0.1,,,,,,,,,,,,,,,,,,,,,,,,,0.0,,1.0,7019.1,,,,,,,,,,,,,,,,,,,,,,,,,,0.0,3.082,847.1,,,,5238.0,,,,,3.424,,,,,,,,""
12080577122,1 ago. 2024 19:38:21,Carrera nocturna,Carrera,,432533,"5,99",,,false,,,activities/12080577122.gpx,,,432533.0,1792.0,5998.9,4.764,3.348,6.6,6.6,0.7,7.5,10.3,0.0,,,,,,,,,,,,,,,,,,,,,,,,,0.0,,1.0,6011.6,,,,,,,,,,,,,,,,,,,,,,,,,,0.0,0.014,911.3,,,,4588.0,,,,,3.355,,,,,,,,""
12081025598,6 ago. 2024 19:47:27,Carrera nocturna,Carrera,,4313,"7,00",,,false,Tranquila pero muy bien ,,activities/12081025598.gpx,,,4313.0,2040.0,7006.1,4.726,3.434,9.3,9.3,0.7,7.5,8.4,0.0,,,,,,,,,,,,,,,,,,,,,,,,,0.0,,1.0,7020.3,,,,,,,,,,,,,,,,,,,,,,,,,,0.0,1.624,1382.1,,,,5176.0,,,,,3.441,,,,,,,,""
12083961273,7 ago. 2024 5:22:30,Carrera de mañana,Carrera,,1512,"4,99",,,false,Me ha costado por las agujetas y rigidez pero bien ,,activities/12083961273.gpx,,,1512.0,1473.0,4993.2,4.82,3.39,5.5,5.5,0.7,6.2,8.2,0.0,,,,,,,,,,,,,,,,,,,,,,,,,0.0,,1.0,5000.8,,,,,,,,,,,,,,,,,,,,,,,,,,0.0,3.302,1885.3,,,,3738.0,,,,,3.395,,,,,,,,""
12100332084,8 ago. 2024 5:23:37,Carrera de mañana,Carrera,,86728,"6,00",,,false,,,activities/12100332084.gpx,,,86728.0,1742.0,5999.2,4.962,3.444,5.1,5.1,0.7,5.9,11.4,0.0,,,,,,,,,,,,,,,,,,,,,,,,,0.0,,1.0,6006.2,,,,,,,,,,,,,,,,,,,,,,,,,,0.0,0.069,2569.9,,,,4334.0,,,,,3.448,,,,,,,,""
12100429821,9 ago. 2024 5:29:22,Carrera de mañana,Carrera,Un poco de periostitis y sin tiempo,1280,"4,23",,,false,,,activities/12100429821.gpx,,,1280.0,1259.0,4230.9,4.447,3.361,5.4,5.4,1.2,6.6,8.6,0.0,,,,,,,,,,,,,,,,,,,,,,,,,0.0,,1.0,4244.5,,,,,,,,,,,,,,,,,,,,,,,,,,0.0,3.305,1285.0,,,,3232.0,,,,,3.371,,,,,,,,""
12134367116,13 ago. 2024 7:48:32,Carrera de mañana,Carrera,,1512,"5,26",,,false,Dámaso calor mucha fatiga de la calor y del desayuno ,,activities/12134367116.gpx,,,1512.0,1499.0,5266.7,5.56,3.513,6.7,6.7,0.9,8.2,11.2,0.0,,,,,,,,,,,,,,,,,,,,,,,,,0.0,,1.0,5283.3,,,,,,,,,,,,,,,,,,,,,,,,,,0.0,3.483,1909.7,,,,3890.0,,,,,3.525,,,,,,,,""
12207840039,21 ago. 2024 18:34:06,Carrera nocturna,Carrera,,2138,"7,01",,,false,"Me ha costado trabajo y después de una semana sin hacer nada, cansada y con calor ",,activities/12207840039.gpx,,,2138.0,2022.0,7016.3,4.916,3.47,4.1,4.1,0.7,7.2,12.1,0.0,,,,,,,,,,,,,,,,,,,,,,,,,0.0,,1.0,7024.7,,,,,,,,,,,,,,,,,,,,,,,,,,0.0,3.282,1911.5,,,,5244.0,,,,,3.474,,,,,,,,""
12241679405,22 ago. 2024 19:29:08,Carrera nocturna,Carrera,,258328,"4,00",,,false,,,activities/12241679405.gpx,,,258328.0,1185.0,4008.9,4.91,3.383,0.0,0.0,0.7,2.6,2.2,0.0,,,,,,,,,,,,,,,,,,,,,,,,,0.0,,1.0,4008.8,,,,,,,,,,,,,,,,,,,,,,,,,,0.0,0.016,538.4,,,,2960.0,,,,,3.383,,,,,,,,""
12241867847,25 ago. 2024 19:15:11,Carrera nocturna,Carrera,,1554,"5,00",,,false,De resaca ,,activities/12241867847.gpx,,,1554.0,1470.0,5003.1,4.984,3.403,0.0,0.0,0.7,4.9,5.0,-0.1,,,,,,,,,,,,,,,,,,,,,,,,,0.0,,1.0,5002.2,,,,,,,,,,,,,,,,,,,,,,,,,,0.0,3.22,1709.8,,,,3584.0,,,,,3.403,,,,,,,,""
12317496125,2 sept. 2024 19:39:14,Carrera de noche,Carrera,,81630,"4,04",,,false,,,activities/12317496125.gpx,,,81630.0,1254.0,4046.7,6.285,3.227,5.4,5.4,1.3,7.1,11.3,0.0,,,,,,,,,,,,,,,,,,,,,,,,,0.0,,1.0,4058.7,,,,,,,,,,,,,,,,,,,,,,,,,,0.0,0.05,949.7,,,,3158.0,,,,,3.237,,,,,,,,""
12318349006,3 sept. 2024 19:23:34,Carrera nocturna,Carrera,,1567,"5,01",,,false,Poco a poco recuperando la semana y pico perdida ,,activities/12318349006.gpx,,,1567.0,1518.0,5012.0,4.752,3.302,8.8,8.8,1.0,8.2,12.2,0.1,,,,,,,,,,,,,,,,,,,,,,,,,0.0,,1.0,5036.9,,,,,,,,,,,,,,,,,,,,,,,,,,0.0,3.198,1341.4,,,,3848.0,,,,,3.318,,,,,,,,""
12327238000,4 sept. 2024 19:10:27,Carrera nocturna,Carrera,,1575,"5,00",,,false,Poco a poco pero ya mucho mejor mañana más ,,activities/12327238000.gpx,,,1575.0,1483.0,5000.6,4.902,3.372,6.7,6.7,0.9,8.4,8.2,0.0,,,,,,,,,,,,,,,,,,,,,,,,,0.0,,1.0,5009.2,,,,,,,,,,,,,,,,,,,,,,,,,,0.0,3.175,1383.4,,,,3822.0,,,,,3.378,,,,,,,,""
12335630604,5 sept. 2024 19:02:59,Carrera nocturna,Carrera,,1786,"6,00",,,false,Poco a poco pero hoy mucho mejor aunque estoy cansada  ,,activities/12335630604.gpx,,,1786.0,1757.0,6005.7,5.258,3.418,3.0,3.0,1.5,7.1,4.9,0.0,,,,,,,,,,,,,,,,,,,,,,,,,0.0,,1.0,6009.2,,,,,,,,,,,,,,,,,,,,,,,,,,0.0,3.363,740.5,,,,4582.0,,,,,3.42,,,,,,,,""
12361649341,8 sept. 2024 19:10:56,Carrera nocturna,Carrera,,1257,"4,04",,,false,Post cortijo y tranquila sin esforzarme ,,activities/12361649341.gpx,,,1257.0,1205.0,4042.8,5.162,3.355,6.2,6.2,0.9,8.2,10.8,0.1,,,,,,,,,,,,,,,,,,,,,,,,,0.0,,1.0,4060.3,,,,,,,,,,,,,,,,,,,,,,,,,,0.0,3.216,1373.7,,,,2988.0,,,,,3.37,,,,,,,,""
12369111158,9 sept. 2024 19:27:23,Carrera nocturna,Carrera,,1640,"5,50",,,false,Un poco tiesa le he puesto ganas ,,activities/12369111158.gpx,,,1640.0,1605.0,5508.4,5.108,3.432,6.2,6.2,0.7,7.1,3.9,0.0,,,,,,,,,,,,,,,,,,,,,,,,,0.0,,1.0,5513.5,,,,,,,,,,,,,,,,,,,,,,,,,,0.0,3.359,1887.5,,,,4124.0,,,,,3.435,,,,,,,,""
12377818015,10 sept. 2024 18:52:10,Carrera nocturna,Carrera,,2058,"7,07",,,false,Hoy ya muy muy bien ,,activities/12377818015.gpx,,,2058.0,2043.0,7071.4,5.518,3.461,6.9,6.9,0.7,8.2,12.3,0.0,,,,,,,,,,,,,,,,,,,,,,,,,0.0,,1.0,7090.2,,,,,,,,,,,,,,,,,,,,,,,,,,0.0,3.436,1241.1,,,,5198.0,,,,,3.47,,,,,,,,""
12386274528,11 sept. 2024 18:31:33,Carrera nocturna,Carrera,,1979,"7,00",,,false,Un poco tiesa de primeras pero con sprint final ,,activities/12386274528.gpx,,,1979.0,1963.0,7008.2,5.086,3.57,3.8,3.8,0.7,7.2,9.5,0.0,,,,,,,,,,,,,,,,,,,,,,,,,0.0,,1.0,7016.5,,,,,,,,,,,,,,,,,,,,,,,,,,0.0,3.541,1727.7,,,,5062.0,,,,,3.574,,,,,,,,""
12419389902,15 sept. 2024 18:09:07,Carrera de noche,Carrera,,2281,"7,09",,,false,Muy bien ,,activities/12419389902.gpx,,,2281.0,2063.0,7092.3,4.784,3.438,29.2,29.2,672.3,701.6,4.6,0.0,,,,,,,,,,,,,,,,,,,,,,,,,0.0,,1.0,7115.0,,,,,,,,,,,,,,,,,,,,,,,,,,0.0,3.109,4380.2,,,,5288.0,,,,,3.449,,,,,,,,""
12444930947,18 sept. 2024 19:07:35,Carrera nocturna,Carrera,,1989,"7,00",,,false,Sin ver pero muy bien ,,activities/12444930947.gpx,,,1989.0,1977.0,7005.7,5.52,3.544,29.2,29.2,672.7,702.7,6.3,0.0,,,,,,,,,,,,,,,,,,,,,,,,,0.0,,1.0,7025.9,,,,,,,,,,,,,,,,,,,,,,,,,,0.0,3.522,4391.4,,,,4744.0,,,,,3.554,,,,,,,,""
12502749279,23 sept. 2024 18:25:15,Carrera de noche,Carrera,,171467,"6,01",,,false,,,activities/12502749279.gpx,,,171467.0,1719.0,6011.0,4.816,3.497,36.2,36.2,654.1,668.8,40.8,0.1,,,,,,,,,,,,,,,,,,,,,,,,,0.0,,1.0,6064.0,,,,,,,,,,,,,,,,,,,,,,,,,,0.0,0.035,4951.4,,,,4438.0,,,,,3.528,,,,,,,,""
12503044878,25 sept. 2024 18:04:41,Carrera de noche,Carrera,,1939,"7,00",,,false,Supeer,,activities/12503044878.gpx,,,1939.0,1846.0,7001.6,5.966,3.793,29.9,29.9,673.0,703.3,4.8,0.0,,,,,,,,,,,,,,,,,,,,,,,,,0.0,,1.0,7021.6,,,,,,,,,,,,,,,,,,,,,,,,,,0.0,3.611,4397.3,,,,4742.0,,,,,3.804,,,,,,,,""
12582776294,30 sept. 2024 18:28:11,Carrera de noche,Carrera,,428966,"7,00",,,false,,,activities/12582776294.gpx,,,428966.0,2002.0,7003.4,5.844,3.498,42.4,42.4,654.1,669.2,29.6,0.1,,,,,,,,,,,,,,,,,,,,,,,,,0.0,,1.0,7079.5,,,,,,,,,,,,,,,,,,,,,,,,,,0.0,0.016,5637.0,,,,5162.0,,,,,3.536,,,,,,,,""
12583061387,5 oct. 2024 17:38:11,Carrera de noche,Carrera,,2457,"8,50",,,false,Dolor de barriga de mal comer y cansada pero bien también he notado el cambio de Gr a la playa ,,activities/12583061387.gpx,,,2457.0,2385.0,8502.1,4.98,3.565,6.0,6.0,0.7,7.2,4.1,0.0,,,,,,,,,,,,,,,,,,,,,,,,,0.0,,1.0,8506.3,,,,,,,,,,,,,,,,,,,,,,,,,,0.0,3.46,2281.6,,,,6246.0,,,,,3.567,,,,,,,,""
12587262809,6 oct. 2024 7:57:58,Carrera de mañana,Carrera,,2546,"7,00",,,false,Me ha costado la vida y he tenido que parar como 3 veces pero hecho así que bien…. He dormido regular y cansada de ayer ,,activities/12587262809.gpx,,,2546.0,1945.0,7006.2,5.61,3.602,5.4,5.4,0.7,7.1,16.4,0.0,,,,,,,,,,,,,,,,,,,,,,,,,0.0,,1.0,7020.5,,,,,,,,,,,,,,,,,,,,,,,,,,0.0,2.752,1981.0,,,,5066.0,,,,,3.61,,,,,,,,media/F2DC14F6-69BD-414B-A32E-1FC3E6F2BDAF.mp4
12601040557,7 oct. 2024 17:47:41,Carrera nocturna,Carrera,,15871,"7,00",,,false,,,activities/12601040557.gpx,,,15871.0,2005.0,7007.4,4.81,3.495,30.0,30.0,651.8,663.9,40.9,0.0,,,,,,,,,,,,,,,,,,,,,,,,,0.0,,1.0,7075.8,,,,,,,,,,,,,,,,,,,,,,,,,,0.0,0.442,4723.8,,,,5160.0,,,,,3.529,,,,,,,,""
12620241071,9 oct. 2024 17:32:23,Carrera a la hora del almuerzo,Carrera,,61084,"8,00",,,false,,,activities/12620241071.gpx,,,61084.0,2267.0,8009.0,5.538,3.533,32.2,32.2,640.4,665.5,10.4,0.0,,,,,,,,,,,,,,,,,,,,,,,,,0.0,,1.0,8039.2,,,,,,,,,,,,,,,,,,,,,,,,,,0.0,0.131,6643.4,,,,5648.0,,,,,3.546,,,,,,,,""
12651177557,13 oct. 2024 11:07:19,Carrera de mañana,Carrera,,74979,"6,00",,,false,,,activities/12651177557.gpx,,,74979.0,1707.0,6004.4,4.812,3.518,22.0,22.0,649.7,662.4,6.4,0.0,,,,,,,,,,,,,,,,,,,,,,,,,0.0,,1.0,6031.7,,,,,,,,,,,,,,,,,,,,,,,,,,0.0,0.08,3770.3,,,,4430.0,,,,,3.534,,,,,,,,""
12651345081,14 oct. 2024 8:00:03,Carrera de mañana,Carrera,,1778,"6,00",,,false,,,activities/12651345081.gpx,,,1778.0,1738.0,6002.9,5.656,3.454,28.4,28.4,644.7,667.7,19.8,0.1,,,,,,,,,,,,,,,,,,,,,,,,,0.0,,1.0,6051.0,,,,,,,,,,,,,,,,,,,,,,,,,,0.0,3.376,4836.7,,,,4436.0,,,,,3.482,,,,,,,,""
12684228754,18 oct. 2024 11:06:34,Carrera de tarde,Carrera,,1887,"7,00",,,false,,,activities/12684228754.gpx,,,1887.0,1868.0,7000.5,5.678,3.748,31.7,31.7,672.4,704.4,4.6,0.0,,,,,,,,,,,,,,,,,,,,,,,,,0.0,,1.0,7022.7,,,,,,,,,,,,,,,,,,,,,,,,,,0.0,3.71,5104.1,,,,4932.0,,,,,3.759,,,,,,,,""
12719057397,22 oct. 2024 16:48:00,Carrera de noche,Carrera,,2514,"8,00",,,false,He parado porque me ha llamado mi madre ,,activities/12719057397.gpx,,,2514.0,2181.0,8005.1,6.048,3.67,38.6,38.6,637.4,663.2,9.5,0.0,,,,,,,,,,,,,,,,,,,,,,,,,0.0,,1.0,8050.2,,,,,,,,,,,,,,,,,,,,,,,,,,0.0,3.184,3306.3,,,,5612.0,,,,,3.691,,,,,,,,media/02A1ABEA-7CCC-479D-A3F8-759D816ED2E6.jpg|media/31A80181-6B93-4482-B3D9-1DC6F81170C8.jpg
12733893756,24 oct. 2024 11:43:27,Carrera de tarde,Carrera,,9190,"6,00",,,false,,,activities/12733893756.gpx,,,9190.0,1669.0,6000.9,5.461,3.595,34.2,34.2,647.5,669.2,37.3,0.1,,,,,,,,,,,,,,,,,,,,,,,,,0.0,,1.0,6051.4,,,,,,,,,,,,,,,,,,,,,,,,,,0.0,0.653,3399.7,,,,4334.0,,,,,3.626,,,,,,,,""
12794185507,30 oct. 2024 17:07:45,Carrera de mañana,Carrera,,134153,"6,02",,,false,,,activities/12794185507.gpx,,,134153.0,1691.0,6024.6,5.55,3.563,34.5,34.5,654.1,666.2,31.7,0.1,,,,,,,,,,,,,,,,,,,,,,,,,0.0,,1.0,6094.1,,,,,,,,,,,,,,,,,,,,,,,,,,0.0,0.045,4553.2,,,,4422.0,,,,,3.604,,,,,,,,""
12812605149,2 nov. 2024 11:52:16,Carrera de tarde,Carrera,,88770,"6,01",,,false,,,activities/12812605149.gpx,,,88770.0,1659.0,6016.7,5.52,3.627,0.0,0.0,0.5,7.1,3.4,-0.1,,,,,,,,,,,,,,,,,,,,,,,,,0.0,,1.0,6012.6,,,,,,,,,,,,,,,,,,,,,,,,,,0.0,0.068,2527.3,,,,4322.0,,,,,3.624,,,,,,,,""
12812915399,3 nov. 2024 12:32:15,Carrera de tarde,Carrera,,1821,"5,01",,,false,,,activities/12812915399.gpx,,,1821.0,1396.0,5015.2,6.24,3.593,10.6,10.6,1.0,8.1,16.5,0.0,,,,,,,,,,,,,,,,,,,,,,,,,0.0,,1.0,5036.6,,,,,,,,,,,,,,,,,,,,,,,,,,0.0,2.754,1863.2,,,,3530.0,,,,,3.608,,,,,,,,media/963800B4-2B3A-401C-A255-491E7DC3FE4E.jpg
12836627878,6 nov. 2024 12:43:22,Carrera de tarde,Carrera,,1871,"6,00",,,false,Me ha costado mucho ,,activities/12836627878.gpx,,,1871.0,1714.0,6002.6,5.66,3.502,29.4,29.4,645.0,662.5,5.8,0.0,,,,,,,,,,,,,,,,,,,,,,,,,0.0,,1.0,6028.6,,,,,,,,,,,,,,,,,,,,,,,,,,0.0,3.208,3252.8,,,,4300.0,,,,,3.517,,,,,,,,""
12881099677,8 nov. 2024 7:19:58,Carrera de mañana,Carrera,,345348,"6,00",,,false,,,activities/12881099677.gpx,,,345348.0,1666.0,6007.1,5.7,3.606,41.5,41.5,654.7,668.8,26.6,0.1,,,,,,,,,,,,,,,,,,,,,,,,,0.0,,1.0,6101.9,,,,,,,,,,,,,,,,,,,,,,,,,,0.0,0.017,3991.5,,,,4346.0,,,,,3.663,,,,,,,,""
12881216809,12 nov. 2024 7:15:54,Carrera de mañana,Carrera,Sin tiempo,1485,"5,00",,,false,,,activities/12881216809.gpx,,,1485.0,1419.0,5005.5,4.52,3.527,30.2,30.2,654.2,666.2,19.3,0.1,,,,,,,,,,,,,,,,,,,,,,,,,0.0,,1.0,5062.4,,,,,,,,,,,,,,,,,,,,,,,,,,0.0,3.371,3760.2,,,,3630.0,,,,,3.568,,,,,,,,""
12904823317,15 nov. 2024 9:21:02,Carrera de mañana,Carrera,,2146,"7,00",,,false,,,activities/12904823317.gpx,,,2146.0,1926.0,7007.5,5.46,3.638,25.0,25.0,641.0,662.5,9.4,0.0,,,,,,,,,,,,,,,,,,,,,,,,,0.0,,1.0,7030.6,,,,,,,,,,,,,,,,,,,,,,,,,,0.0,3.265,5752.1,,,,4854.0,,,,,3.65,,,,,,,,media/92833BFF-8776-460B-81C4-2A0CE27B5A10.jpg
12939081672,19 nov. 2024 8:17:46,Carrera nocturna,Carrera,,42247,"7,00",,,false,,,activities/12939081672.gpx,,,42247.0,1937.0,7002.8,5.2,3.615,35.2,35.2,640.6,669.5,33.0,0.1,,,,,,,,,,,,,,,,,,,,,,,,,0.0,,1.0,7065.7,,,,,,,,,,,,,,,,,,,,,,,,,,0.0,0.166,5529.7,,,,5070.0,,,,,3.648,,,,,,,,""
12972331206,23 nov. 2024 12:08:21,Carrera de tarde,Carrera,,88310,"6,00",,,false,,,activities/12972331206.gpx,,,88310.0,1662.0,6000.7,7.06,3.611,6.6,6.6,0.5,7.2,5.6,0.0,,,,,,,,,,,,,,,,,,,,,,,,,0.0,,1.0,6008.2,,,,,,,,,,,,,,,,,,,,,,,,,,0.0,0.068,3530.8,,,,4196.0,,,,,3.615,,,,,,,,""
12976168307,24 nov. 2024 12:40:20,Carrera nocturna,Carrera,,33183,"6,00",,,false,,,activities/12976168307.gpx,,,33183.0,1656.0,6008.7,5.18,3.628,9.6,9.6,0.5,8.1,8.2,0.0,,,,,,,,,,,,,,,,,,,,,,,,,0.0,,1.0,6024.1,,,,,,,,,,,,,,,,,,,,,,,,,,0.0,0.181,3108.8,,,,4222.0,,,,,3.638,,,,,,,,""
12993521076,27 nov. 2024 9:28:45,Carrera a la hora del almuerzo,Carrera,,1914,"6,18",,,false,,,activities/12993521076.gpx,,,1914.0,1776.0,6181.9,5.6,3.481,40.5,40.5,654.2,669.6,23.6,0.1,,,,,,,,,,,,,,,,,,,,,,,,,0.0,,1.0,6256.9,,,,,,,,,,,,,,,,,,,,,,,,,,0.0,3.23,4267.3,,,,4544.0,,,,,3.523,,,,,,,,""
13007281312,29 nov. 2024 8:05:35,Carrera de mañana,Carrera,,1841,"6,00",,,false,,,activities/13007281312.gpx,,,1841.0,1676.0,6002.5,5.32,3.581,28.9,28.9,646.0,662.5,11.1,0.0,,,,,,,,,,,,,,,,,,,,,,,,,0.0,,1.0,6025.4,,,,,,,,,,,,,,,,,,,,,,,,,,0.0,3.26,3467.6,,,,4290.0,,,,,3.595,,,,,,,,""
13071417982,4 dic. 2024 12:41:32,Carrera a la hora del almuerzo,Carrera,,341637,"4,01",,,false,,,activities/13071417982.gpx,,,341637.0,1139.0,4011.2,6.7,3.522,26.4,26.4,654.1,668.5,36.6,0.2,,,,,,,,,,,,,,,,,,,,,,,,,0.0,,1.0,4070.9,,,,,,,,,,,,,,,,,,,,,,,,,,0.0,0.012,2954.4,,,,2828.0,,,,,3.574,,,,,,,,""
13071937153,8 dic. 2024 11:35:45,Carrera de tarde,Carrera,"",3456,"5,52",,,false,,,activities/13071937153.gpx,,,3456.0,1730.0,5519.2,5.1,3.19,177.6,189.1,719.4,891.7,44.3,-0.2,,,,,,,,,,,,,,,,,,,,,,,0.0,,0.0,,1.0,6060.8,,,,,,,,,,,,,,,,,,,,,,,,,,0.0,1.597,3007.2,,,,4212.0,,,,,3.503,,,,,,,,media/AD32E15B-6FFB-44AC-9BB6-75446F24A7E9.jpg|media/EF91C2AA-E22A-4CAE-8933-A618F0D1458E.jpg|media/1D418F20-E679-4CC0-867A-3558A80F52E4.jpg|media/AFA2DC05-FA71-47B1-AA3A-76358ED127D9.mp4
13117009229,14 dic. 2024 17:11:55,Carrera nocturna,Carrera,,22226,"4,23",,,false,,,activities/13117009229.gpx,,,22226.0,1238.0,4229.3,4.9,3.416,4.0,4.0,1.0,7.0,6.6,0.0,,,,,,,,,,,,,,,,,,,,,,,,,0.0,,1.0,4234.6,,,,,,,,,,,,,,,,,,,,,,,,,,0.0,0.19,2089.4,,,,3068.0,,,,,3.421,,,,,,,,""
13120687760,15 dic. 2024 12:02:09,Carrera de tarde,Carrera,,2325,"7,00",,,false,He hecho algunas paradas,,activities/13120687760.gpx,,,2325.0,1926.0,7002.8,4.8,3.636,2.4,2.4,0.5,7.1,4.3,0.0,,,,,,,,,,,,,,,,,,,,,,,,,0.0,,1.0,7006.1,,,,,,,,,,,,,,,,,,,,,,,,,,0.0,3.012,3263.6,,,,4940.0,,,,,3.638,,,,,,,,""
13174217680,23 dic. 2024 12:42:35,Carrera de tarde,Carrera,,1044,"2,99",,,false,Han sido 5km casi pero lo he parado muy pronto ,,activities/13174217680.gpx,,,1044.0,859.0,2989.7,5.32,3.48,3.8,3.8,1.0,7.8,5.8,0.0,,,,,,,,,,,,,,,,,,,,,,,,,0.0,,1.0,2992.9,,,,,,,,,,,,,,,,,,,,,,,,,,0.0,2.864,1561.9,,,,2150.0,,,,,3.484,,,,,,,,""
13194990766,26 dic. 2024 15:36:49,Carrera de tarde,Carrera,,2463,"8,00",,,false,,,activities/13194990766.gpx,,,2463.0,2225.0,8000.1,8.44,3.596,10.1,10.1,0.5,7.8,11.5,0.0,,,,,,,,,,,,,,,,,,,,,,,,,0.0,,1.0,8019.2,,,,,,,,,,,,,,,,,,,,,,,,,,0.0,3.248,2771.7,,,,5678.0,,,,,3.604,,,,,,,,""
13253936735,28 dic. 2024 17:24:16,Carrera a la hora del almuerzo,Carrera,,498193,"5,00",,,false,,,activities/13253936735.gpx,,,498193.0,1437.0,5002.3,5.02,3.481,6.6,6.6,0.9,8.1,9.8,0.0,,,,,,,,,,,,,,,,,,,,,,,,,0.0,,1.0,5017.0,,,,,,,,,,,,,,,,,,,,,,,,,,0.0,0.01,2202.0,,,,3600.0,,,,,3.491,,,,,,,,""
13254562962,3 ene. 2025 11:48:19,Carrera de tarde,Carrera,,3450,"10,01",,,false,,,activities/13254562962.gpx,,,3450.0,2810.0,10011.3,5.78,3.563,8.8,8.8,0.8,7.6,9.4,0.0,,,,,,,,,,,,,,,,,,,,,,,,,0.0,,1.0,10033.6,,,,,,,,,,,,,,,,,,,,,,,,,,0.0,2.902,3192.5,,,,7042.0,,,,,3.571,,,,,,,,""
13352014508,14 ene. 2025 12:46:30,Carrera de tarde,Carrera,,1313,"4,16",,,false,Después de estar mala ,,activities/13352014508.gpx,,,1313.0,1200.0,4162.3,6.02,3.469,21.8,21.8,654.3,670.3,13.1,0.2,,,,,,,,,,,,,,,,,,,,,,,,,0.0,,1.0,4211.9,,,,,,,,,,,,,,,,,,,,,,,,,,0.0,3.17,2977.9,,,,3090.0,,,,,3.51,,,,,,,,""
13378587479,17 ene. 2025 12:39:47,Carrera de tarde,Carrera,,2124,"6,53",,,false,Disfrutando ,,activities/13378587479.gpx,,,2124.0,1873.0,6529.9,5.8,3.486,28.5,28.5,640.3,669.5,9.9,0.1,,,,,,,,,,,,,,,,,,,,,,,,,0.0,,1.0,6572.9,,,,,,,,,,,,,,,,,,,,,,,,,,0.0,3.074,4984.1,,,,4828.0,,,,,3.509,,,,,,,,""
13396488990,19 ene. 2025 12:01:59,Carrera de tarde,Carrera,"",2612,"5,63",,,false,,,activities/13396488990.gpx,,,2612.0,1699.0,5632.7,5.52,3.315,188.5,170.6,723.4,890.1,45.6,0.4,,,,,,,,,,,,,,,,,,,,,,,0.0,,0.0,,1.0,6195.2,,,,,,,,,,,,,,,,,,,,,,,,,,0.0,2.156,3432.7,,,,4304.0,,,,,3.646,,,,,,,,media/31103C27-E2CC-429D-BF1C-625A4ADB2810.jpg|media/9D8FBBAB-E116-4C7D-82C5-2AACF2A85361.jpg|media/77A67468-7C99-4F88-AEE5-303996B8A812.jpg
13422610932,22 ene. 2025 12:15:27,Carrera de tarde,Carrera,,2076,"6,99",,,false,,,activities/13422610932.gpx,,,2076.0,2013.0,6997.1,5.22,3.476,25.6,25.6,642.7,662.5,4.5,0.0,,,,,,,,,,,,,,,,,,,,,,,,,0.0,,1.0,7015.8,,,,,,,,,,,,,,,,,,,,,,,,,,0.0,3.37,5737.1,,,,5018.0,,,,,3.485,,,,,,,,""
13439579707,24 ene. 2025 12:47:46,Carrera de tarde,Carrera,,1764,"5,57",,,false,,,activities/13439579707.gpx,,,1764.0,1583.0,5569.0,5.14,3.518,27.0,27.0,645.2,669.6,10.9,0.2,,,,,,,,,,,,,,,,,,,,,,,,,0.0,,1.0,5615.5,,,,,,,,,,,,,,,,,,,,,,,,,,0.0,3.157,4104.0,,,,4054.0,,,,,3.547,,,,,,,,""
13483408016,29 ene. 2025 12:38:10,Carrera de tarde,Carrera,,1540,"5,02",,,false,Poco tiempo pero muy buen ritmo ,,activities/13483408016.gpx,,,1540.0,1457.0,5024.0,5.2,3.448,32.6,32.6,654.2,669.6,24.2,0.2,,,,,,,,,,,,,,,,,,,,,,,,,0.0,,1.0,5082.2,,,,,,,,,,,,,,,,,,,,,,,,,,0.0,3.262,3860.2,,,,3648.0,,,,,3.488,,,,,,,,""
13500747592,31 ene. 2025 12:20:40,Carrera de tarde,Carrera,,1841,"6,09",,,false,Buen ritmo,,activities/13500747592.gpx,,,1841.0,1709.0,6097.7,4.94,3.568,29.5,29.5,642.4,669.0,11.1,0.2,,,,,,,,,,,,,,,,,,,,,,,,,0.0,,1.0,6146.4,,,,,,,,,,,,,,,,,,,,,,,,,,0.0,3.312,4730.8,,,,4412.0,,,,,3.596,,,,,,,,""
13546354942,5 feb. 2025 12:45:09,Carrera de tarde,Carrera,,1573,"5,11",,,false,Sin tiempo casi pero bien ,,activities/13546354942.gpx,,,1573.0,1446.0,5113.9,5.02,3.537,33.4,33.4,654.1,669.6,42.0,0.2,,,,,,,,,,,,,,,,,,,,,,,,,0.0,,1.0,5189.6,,,,,,,,,,,,,,,,,,,,,,,,,,0.0,3.251,3780.7,,,,3758.0,,,,,3.589,,,,,,,,""
13608061733,12 feb. 2025 12:49:37,Carrera de tarde,Carrera,,1561,"5,02",,,false,Sin tiempo casi ,,activities/13608061733.gpx,,,1561.0,1424.0,5020.3,10.417,3.525,32.2,32.2,654.2,669.6,29.6,0.1,,,,,,,,,,,,,,,,,,,,,,,,,0.0,,1.0,5078.2,,,,,,,,,,,,,,,,,,,,,,,,,,0.0,3.216,3810.2,,,,3642.0,,,,,3.566,,,,,,,,""
13661572392,18 feb. 2025 12:41:59,Carrera de tarde,Carrera,,2236,"7,00",,,false,,,activities/13661572392.gpx,,,2236.0,2011.0,6999.0,6.02,3.48,26.3,26.3,639.5,662.5,7.2,0.0,,,,,,,,,,,,,,,,,,,,,,,,,0.0,,1.0,7018.9,,,,,,,,,,,,,,,,,,,,,,,,,,0.0,3.13,6039.4,,,,5040.0,,,,,3.49,,,,,,,,""
13686596598,21 feb. 2025 12:57:13,Carrera de tarde,Carrera,,1347,"4,34",,,false,,,activities/13686596598.gpx,,,1347.0,1249.0,4347.0,5.74,3.48,24.5,24.5,650.9,669.6,38.8,0.2,,,,,,,,,,,,,,,,,,,,,,,,,0.0,,1.0,4405.1,,,,,,,,,,,,,,,,,,,,,,,,,,0.0,3.227,2963.2,,,,3160.0,,,,,3.527,,,,,,,,""
13732235589,26 feb. 2025 12:49:20,Carrera de tarde,Carrera,"",1879,"6,00",,,false,Tranquila pero muy bien ,,activities/13732235589.gpx,,,1879.0,1665.0,6002.6,6.8,3.605,26.5,27.6,672.3,699.3,4.8,0.0,,,,,,,,,,,,,,,,,,,,,,,0.0,,0.0,,1.0,6017.9,,,,,,,,,,,,,,,,,,,,,,,,,,0.0,3.195,3731.4,,,,4160.0,,,,,3.614,,,,,,,,media/828C5EBB-262D-4904-8B0D-6DFFE9FEBC36.jpg
13749106998,28 feb. 2025 10:21:42,Carrera a la hora del almuerzo,Carrera,,3248,"10,00",,,false,Muy bien ,,activities/13749106998.gpx,,,3248.0,2765.0,10003.0,5.18,3.618,7.1,7.1,0.5,8.0,8.2,0.0,,,,,,,,,,,,,,,,,,,,,,,,,0.0,,1.0,10018.2,,,,,,,,,,,,,,,,,,,,,,,,,,0.0,3.08,3519.7,,,,7162.0,,,,,3.623,,,,,,,,""
13758364744,1 mar. 2025 11:43:08,Carrera de tarde,Carrera,"",1872,"6,02",,,false,,,activities/13758364744.gpx,,,1872.0,1663.0,6019.8,5.05,3.62,0.0,6.3,-0.9,7.0,3.3,-0.1,,,,,,,,,,,,,,,,,,,,,,,0.0,,0.0,,1.0,6015.7,,,,,,,,,,,,,,,,,,,,,,,,,,0.0,3.216,2513.0,,,,4306.0,,,,,3.617,,,,,,,,media/5E89BA65-6AD7-40D4-9CBF-32B5309AF79D.jpg
13785992076,4 mar. 2025 12:22:50,Carrera de tarde,Carrera,,1973,"6,03",,,false,,,activities/13785992076.gpx,,,1973.0,1722.0,6036.2,5.48,3.505,31.2,31.2,645.2,669.6,35.3,0.1,,,,,,,,,,,,,,,,,,,,,,,,,0.0,,1.0,6095.0,,,,,,,,,,,,,,,,,,,,,,,,,,0.0,3.059,4911.9,,,,4458.0,,,,,3.539,,,,,,,,""
13813273016,7 mar. 2025 9:47:32,Carrera a la hora del almuerzo,Carrera,"",1952,"6,01",,,false,Cansada de la semana pero bien ,,activities/13813273016.gpx,,,1952.0,1707.0,6012.7,5.08,3.522,23.6,25.3,672.3,696.0,10.2,0.0,,,,,,,,,,,,,,,,,,,,,,,0.0,,0.0,,1.0,6033.1,,,,,,,,,,,,,,,,,,,,,,,,,,0.0,3.08,3964.1,,,,4326.0,,,,,3.534,,,,,,,,media/A8235EF8-FFB6-4A0D-86C0-D6DEEE733CE3.jpg|media/A5310EEE-8303-42A7-A252-D7F4156674F7.jpg
13861394349,12 mar. 2025 12:22:20,Carrera de tarde,Carrera,,1624,"5,01",,,false,Con ansiedad y sin ganas ,,activities/13861394349.gpx,,,1624.0,1449.0,5011.2,5.64,3.458,34.4,34.4,654.2,669.6,42.5,0.2,,,,,,,,,,,,,,,,,,,,,,,,,0.0,,1.0,5084.8,,,,,,,,,,,,,,,,,,,,,,,,,,0.0,3.086,3565.1,,,,3716.0,,,,,3.509,,,,,,,,""
13885661745,14 mar. 2025 17:03:20,Carrera de mañana,Carrera,"",49967,"3,01",,,false,,,activities/13885661745.gpx,,,49967.0,868.0,3013.3,4.98,3.472,8.1,8.1,1.2,7.8,10.4,0.0,,,,,,,,,,,,,,,,,,,,,,,,,0.0,,1.0,3026.5,,,,,,,,,,,,,,,,,,,,,,,,,,0.0,0.06,341.0,,,,2222.0,,,,,3.487,,,,,,,,""
13951527067,19 mar. 2025 12:35:59,Carrera de mañana,Carrera,"",247663,"6,01",,,false,,,activities/13951527067.gpx,,,247663.0,1724.0,6010.1,5.84,3.486,32.5,32.5,643.4,669.6,39.2,0.2,,,,,,,,,,,,,,,,,,,,,,,,,0.0,,1.0,6082.3,,,,,,,,,,,,,,,,,,,,,,,,,,0.0,0.024,4819.2,,,,4402.0,,,,,3.528,,,,,,,,""
13951847029,22 mar. 2025 9:23:53,Carrera de mañana,Carrera,"",1762,"6,00",,,false,,,activities/13951847029.gpx,,,1762.0,1670.0,6004.5,5.1,3.596,27.4,20.8,643.8,666.2,29.5,0.1,,,,,,,,,,,,,,,,,,,,,,,0.0,,0.0,,1.0,6050.7,,,,,,,,,,,,,,,,,,,,,,,,,,0.0,3.408,4699.7,,,,4322.0,,,,,3.623,,,,,,,,""
13975750476,24 mar. 2025 18:51:47,Carrera de noche,Carrera,"",1266,"4,12",,,false,,,activities/13975750476.gpx,,,1266.0,1216.0,4124.0,4.64,3.391,27.2,27.2,654.2,669.1,40.3,0.2,,,,,,,,,,,,,,,,,,,,,,,,,0.0,,1.0,4184.9,,,,,,,,,,,,,,,,,,,,,,,,,,0.0,3.258,2964.9,,,,3098.0,,,,,3.442,,,,,,,,""
13992315928,26 mar. 2025 12:48:08,Carrera de tarde,Carrera,"",2333,"5,01",,,false,,,activities/13992315928.gpx,,,2333.0,1404.0,5015.8,4.96,3.573,32.6,32.6,649.4,669.5,31.3,0.2,,,,,,,,,,,,,,,,,,,,,,,,,0.0,,1.0,5079.7,,,,,,,,,,,,,,,,,,,,,,,,,,0.0,2.15,3045.6,,,,3590.0,,,,,3.618,,,,,,,,""
14033418526,30 mar. 2025 19:04:18,Carrera nocturna,Carrera,"",1341,"4,32",,,false,,,activities/14033418526.gpx,,,1341.0,1258.0,4320.6,6.02,3.434,27.8,27.8,654.1,669.4,26.4,0.2,,,,,,,,,,,,,,,,,,,,,,,,,0.0,,1.0,4370.2,,,,,,,,,,,,,,,,,,,,,,,,,,0.0,3.222,2969.5,,,,3192.0,,,,,3.474,,,,,,,,""
14055851115,2 abr. 2025 6:45:48,Carrera de mañana,Carrera,"",2918,"5,67",,,false,,,activities/14055851115.gpx,,,2918.0,2083.0,5672.3,6.32,2.723,219.3,219.3,692.2,858.3,50.0,0.0,,,,,,,,,,,,,,,,,,,,,,,,,0.0,,1.0,6992.0,,,,,,,,,,,,,,,,,,,,,,,,,,0.0,1.944,2158.4,,,,5016.0,,,,,3.357,,,,,,,,""
14076128125,4 abr. 2025 9:11:19,Carrera a la hora del almuerzo,Carrera,"",2696,"7,09",,,false,Me ha costado bastante ,,activities/14076128125.gpx,,,2696.0,2015.0,7092.4,5.1,3.52,0.0,0.0,0.7,7.0,3.2,-0.1,,,,,,,,,,,,,,,,,,,,,,,,,0.0,,1.0,7091.2,,,,,,,,,,,,,,,,,,,,,,,,,,0.0,2.631,2683.2,,,,5136.0,,,,,3.519,,,,,,,,""
14084993436,5 abr. 2025 9:17:39,Carrera a la hora del almuerzo,Carrera,"",1571,"5,00",,,false,,,activities/14084993436.gpx,,,1571.0,1422.0,5004.1,8.32,3.519,0.0,0.0,0.5,7.0,2.8,-0.1,,,,,,,,,,,,,,,,,,,,,,,,,0.0,,1.0,5002.7,,,,,,,,,,,,,,,,,,,,,,,,,,0.0,3.185,2250.7,,,,3652.0,,,,,3.518,,,,,,,,""
14085036383,5 abr. 2025 9:45:01,Carrera a la hora del almuerzo,Carrera,"",191,"0,63",,,false,,,activities/14085036383.gpx,,,191.0,186.0,638.5,4.38,3.433,3.1,3.1,1.3,4.6,7.8,0.5,,,,,,,,,,,,,,,,,,,,,,,,,0.0,,1.0,646.2,,,,,,,,,,,,,,,,,,,,,,,,,,0.0,3.343,104.7,,,,484.0,,,,,3.474,,,,,,,,""
14158300105,12 abr. 2025 17:38:11,Carrera de noche,Carrera,"",1573,"4,40",,,false,Primera desde estar muy muy malita con infección de orina y riñones ,,activities/14158300105.gpx,,,1573.0,1398.0,4404.0,4.2,3.15,6.4,6.4,2.6,7.4,6.6,0.0,,,,,,,,,,,,,,,,,,,,,,,,,0.0,,1.0,4411.1,,,,,,,,,,,,,,,,,,,,,,,,,,0.0,2.8,2101.7,,,,3552.0,,,,,3.155,,,,,,,,""
14170228341,13 abr. 2025 10:03:33,Carrera a la hora del almuerzo,Carrera,"",1641,"5,00",,,false,,,activities/14170228341.gpx,,,1641.0,1484.0,5007.9,4.94,3.375,0.0,0.0,0.6,7.0,2.1,-0.1,,,,,,,,,,,,,,,,,,,,,,,,,0.0,,1.0,5004.0,,,,,,,,,,,,,,,,,,,,,,,,,,0.0,3.052,4001.5,,,,3750.0,,,,,3.372,,,,,,,,""
14172493064,14 abr. 2025 8:41:05,Carrera a la hora del almuerzo,Carrera,"",2129,"6,00",,,false,,,activities/14172493064.gpx,,,2129.0,1749.0,6001.9,5.74,3.432,3.6,3.6,0.6,6.0,21.5,0.0,,,,,,,,,,,,,,,,,,,,,,,,,0.0,,1.0,6012.9,,,,,,,,,,,,,,,,,,,,,,,,,,0.0,2.819,2338.1,,,,4336.0,,,,,3.438,,,,,,,,""
14221810102,19 abr. 2025 11:08:17,Carrera de tarde,Carrera,"",1982,"6,00",,,false,Sin tiempo y mucho viento ,,activities/14221810102.gpx,,,1982.0,1735.0,6005.4,4.94,3.461,4.1,4.1,0.6,4.9,4.2,0.1,,,,,,,,,,,,,,,,,,,,,,,,,0.0,,1.0,6016.0,,,,,,,,,,,,,,,,,,,,,,,,,,0.0,3.03,1976.3,,,,4304.0,,,,,3.467,,,,,,,,""
14232086489,20 abr. 2025 11:14:28,Carrera de tarde,Carrera,"",3105,"10,00",,,false,Después de estar muy malita primera carrera larga con 3 mini paradas ,,activities/14232086489.gpx,,,3105.0,2888.0,10007.8,5.18,3.465,6.9,6.9,0.6,7.8,5.0,0.0,,,,,,,,,,,,,,,,,,,,,,,,,0.0,,1.0,10018.3,,,,,,,,,,,,,,,,,,,,,,,,,,0.0,3.223,3702.1,,,,7316.0,,,,,3.469,,,,,,,,""
14261637922,23 abr. 2025 11:26:52,Carrera de tarde,Carrera,"",1921,"5,97",,,false,"Unas agujetas que te mueres, cansada y 21 grados ",,activities/14261637922.gpx,,,1921.0,1768.0,5977.4,5.04,3.381,23.2,19.7,642.5,662.5,8.1,0.0,,,,,,,,,,,,,,,,,,,,,,,0.0,,0.0,,1.0,5996.1,,,,,,,,,,,,,,,,,,,,,,,,,,0.0,3.112,5036.6,,,,4466.0,,,,,3.391,,,,,,,,media/97624F69-6D2A-41A6-B0E6-CB6F17FED331.jpg
14271775673,24 abr. 2025 11:39:04,Carrera de tarde,Carrera,"",1955,"6,00",,,false,No iba muy bien con la calor y el cansancio más agujetas ,,activities/14271775673.gpx,,,1955.0,1768.0,6002.5,4.6,3.395,22.7,22.7,642.9,662.5,6.9,0.0,,,,,,,,,,,,,,,,,,,,,,,,,0.0,,1.0,6021.2,,,,,,,,,,,,,,,,,,,,,,,,,,0.0,3.07,4917.9,,,,4478.0,,,,,3.406,,,,,,,,""
14290010855,26 abr. 2025 10:29:21,Carrera a la hora del almuerzo,Carrera,"",1774,"6,00",,,false,Despacito y con viento pero buenas sensaciones ,,activities/14290010855.gpx,,,1774.0,1743.0,6001.1,5.83,3.443,5.8,5.8,1.1,7.0,4.4,0.0,,,,,,,,,,,,,,,,,,,,,,,,,0.0,,1.0,6008.6,,,,,,,,,,,,,,,,,,,,,,,,,,0.0,3.383,3647.4,,,,4368.0,,,,,3.447,,,,,,,,""
14306403202,27 abr. 2025 17:21:07,Carrera nocturna,Carrera,"",11086,"6,02",,,false,,,activities/14306403202.gpx,,,11086.0,1744.0,6027.5,4.56,3.456,9.3,9.3,1.1,7.8,8.0,0.1,,,,,,,,,,,,,,,,,,,,,,,,,0.0,,1.0,6042.0,,,,,,,,,,,,,,,,,,,,,,,,,,0.0,0.544,1729.7,,,,4372.0,,,,,3.464,,,,,,,,""
14309397394,28 abr. 2025 8:10:26,Carrera de mañana,Carrera,"",1814,"6,00",,,false,,,activities/14309397394.gpx,,,1814.0,1730.0,6001.9,5.32,3.469,7.8,7.8,1.1,7.8,9.8,0.0,,,,,,,,,,,,,,,,,,,,,,,,,0.0,,1.0,6014.3,,,,,,,,,,,,,,,,,,,,,,,,,,0.0,3.309,2201.4,,,,4326.0,,,,,3.476,,,,,,,,""
14347724752,1 may. 2025 18:36:47,Carrera nocturna,Carrera,"",2035,"6,60",,,false,Muy cansada como para ir más rápido pero disfrutando y progresivo ,,activities/14347724752.gpx,,,2035.0,1955.0,6601.5,4.56,3.377,30.1,30.1,640.0,667.9,12.6,0.1,,,,,,,,,,,,,,,,,,,,,,,,,0.0,,1.0,6647.6,,,,,,,,,,,,,,,,,,,,,,,,,,0.0,3.244,5521.7,,,,4964.0,,,,,3.4,,,,,,,,media/A742E272-549D-4814-BD2B-EE1AAE617FDB.jpg
14394203302,6 may. 2025 11:58:20,Carrera de tarde,Carrera,"",2225,"7,12",,,false,Mucha calor ,,activities/14394203302.gpx,,,2225.0,2114.0,7128.5,6.44,3.372,34.0,34.0,638.7,669.9,10.4,0.1,,,,,,,,,,,,,,,,,,,,,,,,,0.0,,1.0,7175.8,,,,,,,,,,,,,,,,,,,,,,,,,,0.0,3.204,5821.5,,,,5234.0,,,,,3.394,,,,,,,,""
14424943944,9 may. 2025 11:10:10,Carrera de tarde,Carrera,"",3042,"9,00",,,false,,,activities/14424943944.gpx,,,3042.0,2625.0,9003.5,4.9,3.43,41.5,41.5,630.4,666.4,12.5,0.0,,,,,,,,,,,,,,,,,,,,,,,,,0.0,,1.0,9044.8,,,,,,,,,,,,,,,,,,,,,,,,,,0.0,2.96,7762.8,,,,6532.0,,,,,3.446,,,,,,,,media/2A25A25C-0CB7-4FFF-8B9D-7C4B9FD953BA.jpg|media/8311A116-8382-4672-AD32-CF53C0EEC708.jpg
14455264414,12 may. 2025 10:56:49,Carrera de tarde,Carrera,"",3766,"9,00",,,false,Buen ritmo y sin sufrir han sido 9.3km ,,activities/14455264414.gpx,,,3766.0,2583.0,9002.7,5.8,3.485,35.6,35.6,636.4,663.3,10.0,0.0,,,,,,,,,,,,,,,,,,,,,,,,,0.0,,1.0,9032.7,,,,,,,,,,,,,,,,,,,,,,,,,,0.0,2.391,7214.4,,,,6462.0,,,,,3.497,,,,,,,,media/C53CF654-C630-4BCE-92CB-D1B15A1A5760.jpg
14487501633,15 may. 2025 10:44:16,Carrera de tarde,Carrera,"",3309,"8,01",,,false,,,activities/14487501633.gpx,,,3309.0,2285.0,8013.4,5.64,3.507,35.3,35.3,636.8,666.5,8.8,0.1,,,,,,,,,,,,,,,,,,,,,,,,,0.0,,1.0,8052.1,,,,,,,,,,,,,,,,,,,,,,,,,,0.0,2.422,6762.3,,,,5732.0,,,,,3.524,,,,,,,,""
14523189385,18 may. 2025 19:42:48,Carrera nocturna,Carrera,"",619,"1,98",,,false,Por soltar ,,activities/14523189385.gpx,,,619.0,591.0,1985.2,5.0,3.359,12.5,12.5,658.8,665.4,11.9,0.2,,,,,,,,,,,,,,,,,,,,,,,,,0.0,,1.0,2012.2,,,,,,,,,,,,,,,,,,,,,,,,,,0.0,3.207,1464.4,,,,1502.0,,,,,3.405,,,,,,,,""
14543481119,20 may. 2025 18:39:30,Carrera nocturna,Carrera,"",2838,"10,00",,,false,Muy buenas sensaciones ,,activities/14543481119.gpx,,,2838.0,2767.0,10005.9,5.2,3.616,6.8,6.8,0.6,7.0,4.9,0.0,,,,,,,,,,,,,,,,,,,,,,,,,0.0,,1.0,10010.3,,,,,,,,,,,,,,,,,,,,,,,,,,0.0,3.526,3869.4,,,,6898.0,,,,,3.618,,,,,,,,media/7D86A932-F373-45C4-95F6-69A858EF83FE.jpg|media/9E4EF9BD-FCB4-483B-B38B-07AB9B36D469.jpg
14554115703,21 may. 2025 18:41:48,Carrera nocturna,Carrera,"",2561,"9,01",,,false,,,activities/14554115703.gpx,,,2561.0,2479.0,9014.1,5.46,3.636,4.8,4.8,0.6,6.9,6.8,0.0,,,,,,,,,,,,,,,,,,,,,,,,,0.0,,1.0,9020.7,,,,,,,,,,,,,,,,,,,,,,,,,,0.0,3.52,3869.2,,,,6192.0,,,,,3.639,,,,,,,,media/023D803A-225C-4AC9-9846-5B3F84AA4A3E.jpg|media/C2B1F990-AE8D-4856-A07E-1F9DF9C45FAD.jpg|media/2F3407A4-FA08-4CAB-8244-AD8BAC595B53.jpg|media/5A106AB1-1491-47C9-A0FC-DCE133EA928A.jpg
14576919137,24 may. 2025 7:07:33,Carrera de mañana,Carrera,"",5058,"4,01",,,false,,,activities/14576919137.gpx,,,5058.0,1146.0,4011.9,5.2,3.501,26.5,16.6,654.2,669.6,25.7,0.2,,,,,,,,,,,,,,,,,,,,,,,,,0.0,,1.0,4067.5,,,,,,,,,,,,,,,,,,,,,,,,,,0.0,0.793,2979.0,,,,2868.0,,,,,3.549,,,,,,,,""
14603826638,26 may. 2025 19:01:48,Carrera nocturna,Carrera,"",2057,"7,00",,,false,Cansada y pesada ,,activities/14603826638.gpx,,,2057.0,1969.0,7004.6,5.18,3.557,30.4,25.0,642.9,666.2,23.4,0.1,,,,,,,,,,,,,,,,,,,,,,,,,0.0,,1.0,7051.6,,,,,,,,,,,,,,,,,,,,,,,,,,0.0,3.405,5733.6,,,,4952.0,,,,,3.581,,,,,,,,""
14617952027,28 may. 2025 6:42:35,Carrera de mañana,Carrera,"",2009,"7,00",,,false,,,activities/14617952027.gpx,,,2009.0,1922.0,7008.1,6.54,3.646,27.4,29.1,643.6,662.5,8.9,0.0,,,,,,,,,,,,,,,,,,,,,,,,,0.0,,1.0,7038.5,,,,,,,,,,,,,,,,,,,,,,,,,,0.0,3.488,4379.1,,,,4760.0,,,,,3.662,,,,,,,,media/84C085B1-6C08-469A-AB6E-DBE48BDE0D21.jpg|media/87712B64-4F92-42B5-ABC1-F857F45F8CEA.jpg|media/029625DA-324A-42D2-8FFB-E7FBFBC09570.jpg
14669689125,30 may. 2025 6:35:48,Carrera de mañana,Carrera,"",262994,"8,00",,,false,,,activities/14669689125.gpx,,,262994.0,2214.0,8001.6,6.3,3.614,35.9,33.4,638.1,662.5,6.8,0.0,,,,,,,,,,,,,,,,,,,,,,,,,0.0,,1.0,8039.7,,,,,,,,,,,,,,,,,,,,,,,,,,0.0,0.03,5309.5,,,,5378.0,,,,,3.631,,,,,,,,""
14669885873,2 jun. 2025 7:39:15,Carrera de mañana,Carrera,"",2042,"7,00",,,false,Mucha calor y cansada ,,activities/14669885873.gpx,,,2042.0,1936.0,7006.3,5.5,3.619,40.0,31.7,654.0,668.0,23.3,0.1,,,,,,,,,,,,,,,,,,,,,,,,,0.0,,1.0,7069.9,,,,,,,,,,,,,,,,,,,,,,,,,,0.0,3.431,5665.8,,,,4892.0,,,,,3.652,,,,,,,,""
14686846666,3 jun. 2025 18:42:13,Carrera nocturna,Carrera,"",2700,"10,00",,,false,,,activities/14686846666.gpx,,,2700.0,2622.0,10005.7,5.2,3.816,49.6,48.9,672.4,722.3,8.2,0.0,,,,,,,,,,,,,,,,,,,,,,,,,0.0,,1.0,10042.3,,,,,,,,,,,,,,,,,,,,,,,,,,0.0,3.706,8155.0,,,,6644.0,,,,,3.83,,,,,,,,""
14744289421,9 jun. 2025 6:33:13,Carrera de tarde,Carrera,"",24283,"8,04",,,false,,,activities/14744289421.gpx,,,24283.0,2214.0,8040.1,5.48,3.631,41.5,33.3,637.9,667.8,24.9,0.1,,,,,,,,,,,,,,,,,,,,,,,,,0.0,,1.0,8110.6,,,,,,,,,,,,,,,,,,,,,,,,,,0.0,0.331,5826.7,,,,5410.0,,,,,3.663,,,,,,,,""
14773729428,12 jun. 2025 6:42:03,Carrera de mañana,Carrera,"",2081,"7,05",,,false,Tranquila mucha calor ,,activities/14773729428.gpx,,,2081.0,1939.0,7054.3,5.5,3.638,30.2,25.9,642.3,666.2,26.2,0.1,,,,,,,,0.0,,,,,,,,,,,,,,,,,0.0,,1.0,7101.0,,,,,,,,,,,,,,,,,,,,,,,,,,0.0,3.39,5802.9,,,,4932.0,,,,,3.662,,,,,,,,""
14814081707,16 jun. 2025 6:43:57,Carrera de mañana,Carrera,"",2326,"8,00",,,false,,,activities/14814081707.gpx,,,2326.0,2159.0,8007.1,5.34,3.709,41.0,32.6,638.3,668.2,24.3,0.1,,,,,,,,,,,,,,,,,,,,,,,,,0.0,,1.0,8076.3,,,,,,,,,,,,,,,,,,,,,,,,,,0.0,3.442,5490.6,,,,5380.0,,,,,3.741,,,,,,,,""
14836128702,18 jun. 2025 7:11:23,Carrera de mañana,Carrera,"",1759,"6,25",,,false,Muchísima calor y he dormido mal ,,activities/14836128702.gpx,,,1759.0,1688.0,6254.9,5.66,3.706,38.5,33.3,654.0,666.4,25.6,0.1,,,,,,,,,,,,,,,,,,,,,,,,,0.0,,1.0,6332.8,,,,,,,,,,,,,,,,,,,,,,,,,,0.0,3.556,4486.6,,,,4250.0,,,,,3.752,,,,,,,,""
14854595164,19 jun. 2025 18:53:40,Carrera nocturna,Carrera,"",2275,"8,01",,,false,,,activities/14854595164.gpx,,,2275.0,2178.0,8017.3,5.6,3.681,4.0,6.3,0.6,7.0,5.0,0.0,,,,,,,,,,,,,,,,,,,,,,,0.0,,0.0,,1.0,8023.2,,,,,,,,,,,,,,,,,,,,,,,,,,0.0,3.524,3394.3,,,,5378.0,,,,,3.684,,,,,,,,media/DA65EFF6-D5CE-43FC-9D84-FC55C5AD3236.jpg
14857161580,20 jun. 2025 6:39:32,Carrera de mañana,Carrera,"",1991,"6,02",,,false,,,activities/14857161580.gpx,,,1991.0,1662.0,6024.8,7.72,3.625,0.0,0.0,0.6,2.1,2.1,0.0,,,,,,,,,,,,,,,,,,,,,,,0.0,,0.0,,1.0,6027.8,,,,,,,,,,,,,,,,,,,,,,,,,,0.0,3.026,3550.6,,,,3998.0,,,,,3.627,,,,,,,,media/9055190D-67A6-4F0C-86B1-04F0C7381C30.jpg|media/0E9D9016-238C-4172-B137-D97A2C788D53.jpg
14904981438,24 jun. 2025 19:22:36,Carrera nocturna,Carrera,"",3419,"8,00",,,false,,,activities/14904981438.gpx,,,3419.0,2261.0,8003.6,5.2,3.54,4.5,6.2,0.6,7.0,4.8,0.0,,,,,,,,,,,,,,,,,,,,,,,,,0.0,,1.0,8010.8,1750791552.0,1.0,25.1,25.9,19.3,0.7,1014.0,1.9,4.3,245.0,0.0,1750740992.0,1750793856.0,0.875,,,0.0,1.0,0.08,31164.0,0.0,,,,,0.0,2.341,2824.5,,,,5644.0,,,,,3.543,,,,,,,,""
14915455091,25 jun. 2025 19:28:32,Carrera nocturna,Carrera,"",1975,"7,00",,,false,,,activities/14915455091.gpx,,,1975.0,1932.0,7006.8,5.72,3.627,3.9,6.2,0.6,7.0,5.6,0.0,,,,,,,,,,,,,,,,,,,,,,,0.0,,0.0,,1.0,7009.0,1750877952.0,1.0,26.7,26.8,16.6,0.54,1014.0,2.5,4.8,257.0,0.0,1750827392.0,1750880256.0,0.875,,,0.0,1.0,0.0,33256.0,0.0,,,,,0.0,3.548,3669.9,,,,4734.0,,,,,3.628,,,,,,,,media/ADFBA76C-E441-49AB-A2C8-6DE1641431B6.jpg|media/F683BB37-3A48-4942-BA41-4A656BAAF9F3.jpg|media/86735684-D72C-48B0-A72D-D1E1088172ED.mp4
14956559348,29 jun. 2025 19:11:16,Carrera nocturna,Carrera,"",2117,"7,20",,,false,,,activities/14956559348.gpx,,,2117.0,1949.0,7201.7,5.68,3.695,7.1,2.7,0.6,7.8,5.9,0.0,,,,,,,,,,,,,,,,,,,,,,,,,0.0,,1.0,7213.5,1751223552.0,1.0,29.8,30.8,18.9,0.52,1017.6,0.8,2.0,126.0,0.0,1751173120.0,1751225856.0,0.125,,,0.0,1.0,0.0,31963.0,0.0,,,,,0.0,3.402,3122.5,,,,4930.0,,,,,3.701,,,,,,,,""
14987757720,2 jul. 2025 19:56:18,Carrera nocturna,Carrera,"",1780,"6,11",,,false,,,activities/14987757720.gpx,,,1780.0,1729.0,6115.7,6.38,3.537,0.0,6.3,0.6,6.9,2.7,-0.1,,,,,,,,,,,,,,,,,,,,,,,,,0.0,,1.0,6110.2,1751482752.0,1.0,28.5,29.6,19.7,0.59,1015.0,1.1,3.1,135.0,0.0,1751432320.0,1751485056.0,0.125,,,0.0,1.0,0.07,33247.0,0.0,,,,,0.0,3.436,2527.8,,,,4346.0,,,,,3.534,,,,,,,,""
14991392247,3 jul. 2025 6:43:03,Carrera de mañana,Carrera,"",1729,"6,00",,,false,Muchísima calor hay que salir a las 7/7:30,,activities/14991392247.gpx,,,1729.0,1610.0,6005.0,6.2,3.73,3.2,6.3,0.6,7.0,4.9,0.0,,,,,,,,,,,,,,,,,,,,,,,,,0.0,,1.0,6011.3,1751522432.0,1.0,23.9,25.8,19.0,0.74,1017.7,1.3,3.2,51.0,0.0,1751518848.0,1751571456.0,0.25,,,0.0,1.0,0.01,31628.0,0.0,,,,,0.0,3.473,2980.4,,,,4134.0,,,,,3.734,,,,,,,,""
15018121639,5 jul. 2025 18:46:15,Carrera nocturna,Carrera,"",1130,"4,00",,,false,,,activities/15018121639.gpx,,,1130.0,1109.0,4007.7,5.78,3.614,7.3,6.4,1.1,7.8,7.5,0.0,,,,,,,,,,,,,,,,,,,,,,,,,0.0,,1.0,4017.5,1751738368.0,1.0,28.0,30.5,21.3,0.67,1015.1,1.4,4.0,221.0,0.0,1751691648.0,1751744256.0,0.375,,,0.0,1.0,0.05,26619.0,1.0,,,,,0.0,3.547,1390.2,,,,2806.0,,,,,3.623,,,,,,,,""
15050180133,8 jul. 2025 19:39:59,Carrera nocturna,Carrera,"",2533,"9,00",,,false,,,activities/15050180133.gpx,,,2533.0,2518.0,9002.9,4.82,3.575,6.5,6.3,0.6,7.8,8.3,0.0,,,,,,,,,,,,,,,,,,,,,,,,,0.0,,1.0,9011.5,1752001152.0,1.0,26.8,28.4,22.0,0.75,1013.7,1.2,3.3,165.0,0.0,1751950976.0,1752003328.0,0.375,,,0.0,1.0,0.1,24803.0,0.0,,,,,0.0,3.554,3541.6,,,,6342.0,,,,,3.579,,,,,,,,""
15053449563,9 jul. 2025 5:21:44,Carrera de mañana,Carrera,"",1754,"6,00",,,false,Por la mañana me cuesta más y más anoche que hice 9km,,activities/15053449563.gpx,,,1754.0,1708.0,6002.3,4.92,3.514,8.8,7.9,1.1,7.8,7.3,0.0,,,,,,,,,,,,,,,,,,,,,,,,,0.0,,1.0,6016.4,1752037248.0,2.0,23.0,24.2,21.2,0.9,1016.3,1.3,1.6,50.0,0.0,1752037376.0,1752089728.0,0.375,,,0.0,1.0,0.48,23028.0,0.0,,,,,0.0,3.422,3042.5,,,,4212.0,,,,,3.522,,,,,,,,""
15072496152,10 jul. 2025 20:04:02,Carrera nocturna,Carrera,"",1156,"4,05",,,false,Muy tarde y sin tiempo casi ,,activities/15072496152.gpx,,,1156.0,1156.0,4053.1,4.88,3.506,3.3,5.6,1.3,6.9,5.0,0.0,,,,,,,,,,,,,,,,,,,,,,,,,0.0,,1.0,4056.5,1752177664.0,1.0,25.2,25.5,21.9,0.82,1015.3,2.3,4.4,269.0,0.0,1752123904.0,1752176128.0,0.375,,,0.0,1.0,0.12,25342.0,0.0,,,,,0.0,3.506,2120.2,,,,2920.0,,,,,3.509,,,,,,,,""
15104653852,13 jul. 2025 19:34:34,Carrera nocturna,Carrera,"",2249,"8,07",,,false,,,activities/15104653852.gpx,,,2249.0,2249.0,8075.1,5.38,3.591,3.9,6.3,0.5,6.9,4.4,0.0,,,,,,,,,,,,,,,,,,,,,,,,,0.0,,1.0,8078.9,1752433152.0,1.0,25.8,26.2,16.6,0.57,1012.0,1.6,4.2,222.0,0.0,1752383104.0,1752435200.0,0.625,,,0.0,1.0,0.0,34751.0,0.0,,,,,0.0,3.591,3962.4,,,,5600.0,,,,,3.592,,,,,,,,""
15114631612,14 jul. 2025 19:47:13,Carrera nocturna,Carrera,"",1180,"4,02",,,false,,,activities/15114631612.gpx,,,1180.0,1132.0,4021.9,5.12,3.553,6.2,5.8,0.9,7.5,4.5,0.0,,,,,,,,,,,,,,,,,,,,,,,,,0.0,,1.0,4026.5,1752519552.0,1.0,26.0,27.3,20.6,0.72,1018.1,1.1,2.7,200.0,0.0,1752469632.0,1752521600.0,0.625,,,0.0,1.0,0.04,28988.0,0.0,,,,,0.0,3.408,1619.9,,,,2810.0,,,,,3.557,,,,,,,,""
15126244323,15 jul. 2025 19:39:23,Carrera nocturna,Carrera,"",2751,"10,00",,,false,,,activities/15126244323.gpx,,,2751.0,2751.0,10006.5,6.14,3.637,8.8,10.4,0.5,7.7,6.3,0.0,,,,,,,,,,,,,,,,,,,,,,,,,0.0,,1.0,10016.8,1752605952.0,1.0,26.9,28.4,21.6,0.73,1017.7,0.8,2.8,219.0,0.0,1752556032.0,1752608000.0,0.625,,,0.0,1.0,0.1,18040.0,0.0,,,,,0.0,3.637,4028.5,,,,6974.0,,,,,3.641,,,,,,,,""
15137458079,16 jul. 2025 19:27:12,Carrera nocturna,Carrera,"",1967,"7,00",,,false,,,activities/15137458079.gpx,,,1967.0,1907.0,7008.0,5.14,3.675,0.0,2.1,0.5,2.7,2.7,0.0,,,,,,,,,,,,,,,,,,,,,,,,,0.0,,1.0,7010.6,1752692352.0,1.0,27.2,28.6,21.3,0.7,1017.5,0.8,2.5,227.0,0.0,1752642432.0,1752694400.0,0.625,,,0.0,1.0,0.09,13704.0,0.0,,,,,0.0,3.563,3616.9,,,,4818.0,,,,,3.676,,,,,,,,""
15158073757,18 jul. 2025 18:48:47,Carrera nocturna,Carrera,"",1381,"5,03",,,false,,,activities/15158073757.gpx,,,1381.0,1371.0,5031.8,4.98,3.67,2.1,0.0,0.5,2.7,2.7,0.0,,,,,,,,,,,,,,,,,,,,,,,,,0.0,,1.0,5034.3,1752861568.0,1.0,29.7,30.2,17.5,0.48,1008.7,3.3,4.7,269.0,0.0,1752815360.0,1752867072.0,0.75,,,0.0,1.0,0.28,34207.0,1.0,,,,,0.0,3.644,1380.2,,,,3508.0,,,,,3.672,,,,,,,,""
15190587743,21 jul. 2025 19:27:04,Carrera nocturna,Carrera,"",2220,"8,00",,,false,,,activities/15190587743.gpx,,,2220.0,2208.0,8001.3,5.76,3.624,6.6,3.0,0.5,7.3,4.2,0.0,,,,,,,,,,,,,,,,,,,,,,,,,0.0,,1.0,8010.2,1753124352.0,1.0,27.6,28.2,17.2,0.53,1011.0,1.0,2.1,242.0,0.0,1753074688.0,1753126144.0,0.875,,,0.0,1.0,0.0,32785.0,0.0,,,,,0.0,3.604,3260.2,,,,5534.0,0.0,,,,3.628,,,,,,,,media/B7D0BF1A-DE4C-43E4-B916-1D630A5BF055.jpg
15202265298,22 jul. 2025 19:29:20,Carrera nocturna,Carrera,"",1637,"6,00",,,false,,,activities/15202265298.gpx,,,1637.0,1637.0,6003.9,5.08,3.668,4.6,0.0,0.5,5.5,4.8,0.1,,,,,,,,,,,,,,,,,,,,,,,,,0.0,,1.0,6015.2,1753210752.0,1.0,25.6,27.0,21.3,0.77,1014.7,0.8,2.4,231.0,0.0,1753161088.0,1753212544.0,0.875,,,0.0,1.0,0.19,19026.0,0.0,,,,,,3.668,2554.7,,,,4210.0,0.0,,,,3.675,,,,,,,,""
15206606992,23 jul. 2025 6:49:17,Carrera de mañana,Carrera,"",3216,"11,00",,,false,,,activities/15206606992.gpx,,,3216.0,2942.0,11003.6,6.0,3.74,221.8,219.7,6.9,104.2,45.5,0.0,,,,,,,,,,,,,,,,,,,,,,,,,0.0,,1.0,11435.4,1753250432.0,2.0,21.8,23.4,18.6,0.82,1014.4,1.0,2.4,269.0,0.0,1753247488.0,1753298816.0,0.875,,,0.0,1.0,0.42,22525.0,0.0,,,,,,3.422,14.9,,,,7694.0,0.0,,,,3.887,,,,,,,,""
15235156152,25 jul. 2025 19:27:08,Carrera nocturna,Carrera,"",1144,"4,00",,,false,,,activities/15235156152.gpx,,,1144.0,1144.0,4007.4,4.68,3.503,4.7,5.5,1.1,6.9,5.2,0.0,,,,,,,,,,,,,,,,,,,,,,,,,0.0,,1.0,4010.1,,,,,,,,,,,,,,,,,,,,,,,,,,,3.503,2727.3,,,,2986.0,0.0,,,,3.505,,,,,,,,""
15238660013,26 jul. 2025 7:13:55,Carrera de mañana,Carrera,"",3166,"11,84",,,false,,,activities/15238660013.gpx,,,3166.0,3162.0,11839.4,5.32,3.744,223.7,223.7,6.9,104.2,9.2,0.0,,,,,,,,,,,,,,,,,,,,,,,,,0.0,,1.0,12207.7,,,,,,,,,,,,,,,,,,,,,,,,,,,3.74,228.5,,,,8488.0,0.0,,,,3.861,,,,,,,,""
15283144811,30 jul. 2025 7:05:41,Carrera de mañana,Carrera,"",1503,"5,00",,,false,Muy tarde y con mucha calor ,,activities/15283144811.gpx,,,1503.0,1411.0,5003.2,5.06,3.546,6.0,5.8,1.1,7.7,7.7,0.0,,,,,,,,,,,,,,,,,,,,,,,,,0.0,,1.0,5010.6,,,,,,,,,,,,,,,,,,,,,,,,,,,3.329,3187.8,,,,3676.0,0.0,,,,3.551,,,,,,,,""
15301748909,31 jul. 2025 19:17:04,Carrera nocturna,Carrera,"",1960,"7,00",,,false,,,activities/15301748909.gpx,,,1960.0,1953.0,7001.0,4.7,3.585,5.1,2.8,0.3,3.2,3.0,0.0,,,,,,,,,,,,,,,,,,,,,,,,,0.0,,1.0,7009.3,,,,,,,,,,,,,,,,,,,,,,,,,,,3.572,4822.2,,,,4998.0,0.0,,,,3.589,,,,,,,,""
15323135281,2 ago. 2025 19:44:01,Carrera nocturna,Carrera,"",1175,"4,01",,,false,,,activities/15323135281.gpx,,,1175.0,1175.0,4011.5,4.46,3.414,7.9,4.9,2.2,7.7,5.9,0.0,,,,,,,,,,,,,,,,,,,,,,,,,0.0,,1.0,4021.0,,,,,,,,,,,,,,,,,,,,,,,,,,,3.414,674.2,,,,3014.0,0.0,,,,3.422,,,,,,,,""
15334782481,3 ago. 2025 19:29:54,Carrera nocturna,Carrera,"",1721,"6,02",,,false,Sudando alcohol ,,activities/15334782481.gpx,,,1721.0,1698.0,6028.7,4.98,3.55,3.8,0.0,0.5,4.4,3.1,0.0,,,,,,,,,,,,,,,,,,,,,,,,,0.0,,1.0,6036.5,,,,,,,,,,,,,,,,,,,,,,,,,,,3.503,2318.4,,,,4360.0,0.0,,,,3.555,,,,,,,,""
15361345098,6 ago. 2025 7:00:54,Carrera de mañana,Carrera,"",1674,"6,02",,,false,,,activities/15361345098.gpx,,,1674.0,1648.0,6028.5,6.1,3.658,5.5,8.6,0.3,6.6,3.8,-0.1,,,,,,,,,,,,,,,,,,,,,,,,,0.0,,1.0,6027.6,,,,,,,,,,,,,,,,,,,,,,,,,,,3.601,2211.9,,,,4318.0,0.0,,,,3.658,,,,,,,,""
15380796552,7 ago. 2025 19:25:54,Carrera nocturna,Carrera,"",1549,"5,43",,,false,Post cortijo y mucha calor ,,activities/15380796552.gpx,,,1549.0,1540.0,5438.5,4.66,3.531,4.1,0.0,0.5,4.8,3.9,0.0,,,,,,,,,,,,,,,,,,,,,,,,,0.0,,1.0,5445.3,,,,,,,,,,,,,,,,,,,,,,,,,,,3.511,1372.3,,,,3898.0,0.0,,,,3.536,,,,,,,,""
15494007199,17 ago. 2025 19:16:25,Carrera nocturna,Carrera,"",1320,"4,13",,,false,A 31 grados y post más 1 semana sin correr por conil ,,activities/15494007199.gpx,,,1320.0,1189.0,4135.0,5.58,3.478,6.3,6.7,1.1,7.7,5.5,0.0,,,,,,,,,,,,,,,,,,,,,,,,,0.0,,1.0,4138.7,,,,,,,,,,,,,,,,,,,,,,,,,,,3.133,1187.0,,,,2942.0,0.0,,,,3.481,,,,,,,,""
15508797836,19 ago. 2025 6:33:12,Carrera de mañana,Carrera,"",1728,"6,00",,,false,Mucha calor y agujetas ,,activities/15508797836.gpx,,,1728.0,1678.0,6001.4,4.74,3.577,10.3,11.7,0.5,4.9,5.2,0.0,,,,,,,,,,,,,,,,,,,,,,,,,0.0,,1.0,6009.7,,,,,,,,,,,,,,,,,,,,,,,,,,,3.473,5294.5,,,,4346.0,0.0,,,,3.581,,,,,,,,""
15528494187,20 ago. 2025 19:08:11,Carrera nocturna,Carrera,"",1172,"4,05",,,false,Sin tiempo y mucho viento ,,activities/15528494187.gpx,,,1172.0,1172.0,4057.0,4.98,3.462,7.4,5.2,2.2,7.7,7.4,0.0,,,,,,,,,,,,,,,,,,,,,,,,,0.0,,1.0,4065.2,,,,,,,,,,,,,,,,,,,,,,,,,,,3.462,1936.9,,,,2932.0,0.0,,,,3.469,,,,,,,,""
15539137120,21 ago. 2025 18:55:45,Carrera nocturna,Carrera,"",1897,"7,00",,,false,,,activities/15539137120.gpx,,,1897.0,1897.0,7005.6,5.4,3.693,4.9,6.3,0.5,4.2,2.9,0.0,,,,,,,,,,,,,,,,,,,,,,,,,0.0,,1.0,7009.9,,,,,,,,,,,,,,,,,,,,,,,,,,,3.693,4467.3,,,,4840.0,0.0,,,,3.695,,,,,,,,""
15550248488,22 ago. 2025 18:59:57,Carrera nocturna,Carrera,"",1439,"5,02",,,false,,,activities/15550248488.gpx,,,1439.0,1439.0,5023.6,4.96,3.491,6.2,6.0,1.1,7.7,6.0,0.0,,,,,,,,,,,,,,,,,,,,,,,,,0.0,,1.0,5031.7,,,,,,,,,,,,,,,,,,,,,,,,,,,3.491,3148.0,,,,3638.0,0.0,,,,3.497,,,,,,,,""
15574070072,24 ago. 2025 18:54:35,Carrera nocturna,Carrera,"",1165,"4,00",,,false,,,activities/15574070072.gpx,,,1165.0,1137.0,4005.9,4.72,3.523,6.0,5.7,0.9,7.7,5.0,0.0,,,,,,,,,,,,,,,,,,,,,,,,,0.0,,1.0,4010.8,,,,,,,,,,,,,,,,,,,,,,,,,,,3.439,2184.9,,,,2896.0,0.0,,,,3.528,,,,,,,,""
15584604217,25 ago. 2025 19:04:30,Carrera nocturna,Carrera,"",1147,"4,01",,,false,Sin tiempo ,,activities/15584604217.gpx,,,1147.0,1143.0,4009.5,4.6,3.508,6.3,3.3,1.1,7.7,5.9,0.0,,,,,,,,,,,,,,,,,,,,,,,,,0.0,,1.0,4017.5,,,,,,,,,,,,,,,,,,,,,,,,,,,3.496,2770.3,,,,2908.0,0.0,,,,3.515,,,,,,,,""
15618319201,27 ago. 2025 18:47:05,Carrera de noche,Carrera,"",81594,"7,01",,,false,,,activities/15618319201.gpx,,,81594.0,1927.0,7012.4,5.1,3.639,8.7,6.1,0.4,6.6,4.1,0.0,,,,,,,,,,,,,,,,,,,,,,,,,0.0,,1.0,7024.2,,,,,,,,,,,,,,,,,,,,,,,,,,,0.086,3992.0,,,,4914.0,0.0,,,,3.645,,,,,,,,""
15652793552,31 ago. 2025 18:32:23,Carrera nocturna,Carrera,"",2278,"8,00",,,false,Tranquilita después de ayer salir y trabajar ,,activities/15652793552.gpx,,,2278.0,2217.0,8001.9,5.06,3.609,14.4,12.4,0.5,5.9,5.1,0.0,,,,,,,,,,,,,,,,,,,,,,,,,0.0,,1.0,8017.6,,,,,,,,,,,,,,,,,,,,,,,,,,,3.513,6446.8,,,,5508.0,0.0,,,,3.616,,,,,,,,""
15674185894,2 sept. 2025 17:51:41,Carrera de noche,Carrera,"",1687,"6,01",,,false,Agujetas y poco tiempo ,,activities/15674185894.gpx,,,1687.0,1678.0,6011.6,5.14,3.583,9.7,9.6,0.5,4.8,4.5,0.0,,,,,,,,,,,,,,,,,,,,,,,,,0.0,,1.0,6021.9,,,,,,,,,,,,,,,,,,,,,,,,,,,3.563,4996.6,,,,4208.0,0.0,,,,3.589,,,,,,,,""
15691754048,4 sept. 2025 7:50:03,Carrera de mañana,Carrera,"",2088,"7,00",,,false,Mucha calor es muy tarde para correr y me ahogaba ,,activities/15691754048.gpx,,,2088.0,1925.0,7004.1,5.6,3.638,11.1,9.0,0.5,6.4,4.2,0.0,,,,,,,,,,,,,,,,,,,,,,,,,0.0,,1.0,7015.9,,,,,,,,,,,,,,,,,,,,,,,,,,,3.354,5725.1,,,,4822.0,0.0,,,,3.645,,,,,,,,""
15761934077,7 sept. 2025 7:49:56,Carrera a la hora del almuerzo,Carrera,"",268465,"11,75",,,false,,,activities/15761934077.gpx,,,268465.0,3507.0,11750.8,6.48,3.351,364.7,180.3,0.5,892.1,46.0,6.1,,,,,,,,,,,,,,,,,,,,,,,,,0.0,,1.0,12089.8,,,,,,,,,,,,,,,,,,,,,,,,,,,0.044,9139.9,,,,8568.0,0.0,,,,3.447,,,,,,,,""
15794552790,13 sept. 2025 9:22:05,Carrera a la hora del almuerzo,Carrera,A 27º graditos 🥵,1448,"5,00",,,false,,,activities/15794552790.gpx,,,1448.0,1387.0,5006.8,5.06,3.61,27.6,22.5,654.2,666.3,27.3,0.1,,,,,,,,,,,,,,,,,,,,,,,,,0.0,,1.0,5062.3,,,,,,,,,,,,,,,,,,,,,,,,,,,3.458,3705.8,,,,3552.0,0.0,,,,3.65,,,,,,,,""
15812813363,14 sept. 2025 18:32:48,Carrera nocturna,Carrera,"",1847,"6,00",,,false,,,activities/15812813363.gpx,,,1847.0,1684.0,6003.2,5.24,3.565,8.0,8.3,1.2,7.1,3.5,0.0,,,,,,,,,,,,,,,,,,,,,,,,,0.0,,1.0,6009.2,,,,,,,,,,,,,,,,,,,,,,,,,,,3.25,2804.8,,,,4248.0,0.0,,,,3.568,,,0.0,,,,,media/6F9EBD4F-1C41-45CE-95DC-142A4DED0219.jpg|media/DCCA89D7-D442-4419-885D-53ABB589DF04.jpg|media/F1619D32-AC5A-40B1-B2E7-EAF83D0F834C.mp4
